data,SELIC,CDI,IPCA,IGPM,USD_BRL,EUR_BRL,PETROLEO_BRENT
2023-10-01,100.0,100.0,100.0,100.0,100.0,100.0,100.0
2023-10-16,100.0,100.0,100.0,100.0,100.0,100.0,100.0
2023-10-17,100.0,100.0,100.0,100.0,99.53771385673082,99.98126884822148,100.0
2023-10-18,100.0,100.0,100.0,100.0,99.90122090955786,99.7677337179463,100.0
2023-10-19,100.0,100.0,100.0,100.0,99.84590461891028,100.07305149193624,100.0
2023-10-20,100.0,100.0,100.0,100.0,99.82219763720417,100.25661677936577,100.0
2023-10-23,100.0,100.0,100.0,100.0,99.1030858587854,100.0430816490906,100.0
2023-10-24,100.0,100.0,100.0,100.0,98.90750325970998,99.37625264577518,100.0
2023-10-25,100.0,100.0,100.0,100.0,98.74155438776721,99.0971584842752,100.0
2023-10-26,100.0,100.0,100.0,100.0,98.88774744162156,98.76561709779534,100.0
2023-10-27,100.0,100.0,100.0,100.0,97.75178790153701,98.76561709779534,100.0
2023-10-30,100.0,100.0,100.0,100.0,98.92528349598958,99.61975761889597,100.0
2023-10-31,100.0,100.0,100.0,100.0,99.91504998221977,100.12362560173824,100.0
2023-11-01,100.0,100.0,116.66666666666667,118.0,99.1623533130507,99.10465094498659,100.0
2023-11-03,96.2647264113031,96.2647264113031,116.66666666666667,118.0,96.62570627049666,99.10465094498659,100.0
2023-11-06,96.2647264113031,96.2647264113031,116.66666666666667,118.0,96.80153305148366,98.62700657463427,100.0
2023-11-07,96.2647264113031,96.2647264113031,116.66666666666667,118.0,96.15156663637443,98.62700657463427,100.0
2023-11-08,96.2647264113031,96.2647264113031,116.66666666666667,118.0,96.51704927101032,98.62700657463427,100.0
2023-11-09,96.2647264113031,96.2647264113031,116.66666666666667,118.0,96.8173377059544,98.62700657463427,100.0
2023-11-10,96.2647264113031,96.2647264113031,116.66666666666667,118.0,97.23616104942906,98.62700657463427,100.0
2023-11-13,96.2647264113031,96.2647264113031,116.66666666666667,118.0,97.29147734007665,98.62887968981214,100.0
2023-11-14,96.2647264113031,96.2647264113031,116.66666666666667,118.0,96.17527361808052,98.84616105044299,100.0
2023-11-16,96.2647264113031,96.2647264113031,116.66666666666667,118.0,96.17527361808052,99.00162961020473,100.0
2023-11-17,96.2647264113031,96.2647264113031,116.66666666666667,118.0,96.50519578015727,99.63474254031881,100.0
2023-11-20,96.2647264113031,96.2647264113031,116.66666666666667,118.0,96.25627247224308,99.83329274917114,100.0
2023-11-21,96.2647264113031,96.2647264113031,116.66666666666667,118.0,96.42024576237704,99.96628392679865,100.0
2023-11-22,96.2647264113031,96.2647264113031,116.66666666666667,118.0,96.74029001540954,99.68344353494295,100.0
2023-11-23,96.2647264113031,96.2647264113031,116.66666666666667,118.0,96.66719348848235,100.01311180624496,100.0
2023-11-24,96.2647264113031,96.2647264113031,116.66666666666667,118.0,96.65929116124698,100.27909416149998,100.0
2023-11-27,96.2647264113031,96.2647264113031,116.66666666666667,118.0,96.70670512465922,100.26410924007718,100.0
2023-11-28,96.2647264113031,96.2647264113031,116.66666666666667,118.0,96.54075625271643,100.53196471051005,100.0
2023-11-29,96.2647264113031,96.2647264113031,116.66666666666667,118.0,96.67114465210005,100.6125086631577,100.0
2023-11-30,96.2647264113031,96.2647264113031,116.66666666666667,118.0,97.50484017543167,100.87849101841273,100.0
2023-12-01,96.2647264113031,96.2647264113031,233.33333333333334,148.0,97.18084475878148,99.88012062861745,100.15971039182281
2023-12-04,96.2647264113031,96.2647264113031,233.33333333333334,148.0,96.98328657789719,99.46616217431209,100.15971039182281
2023-12-05,96.2647264113031,96.2647264113031,233.33333333333334,148.0,97.83476233750841,100.2547436641879,100.15971039182281
2023-12-06,96.2647264113031,96.2647264113031,233.33333333333334,148.0,96.86475166936663,99.12338209676513,100.15971039182281
2023-12-07,96.2647264113031,96.2647264113031,233.33333333333334,148.0,96.70275396104152,98.8929889298893,100.15971039182281
2023-12-08,96.2647264113031,96.2647264113031,233.33333333333334,148.0,97.11565055908964,99.16833686103358,100.15971039182281
2023-12-11,96.2647264113031,96.2647264113031,233.33333333333334,148.0,97.67276462918329,99.51486316893624,100.15971039182281
2023-12-12,96.2647264113031,96.2647264113031,233.33333333333334,148.0,97.74388557430164,99.9681570419765,100.15971039182281
2023-12-13,96.2647264113031,96.2647264113031,233.33333333333334,148.0,97.94934608242129,100.2622361248993,100.15971039182281
2023-12-14,92.51253199094735,92.51253199094735,233.33333333333334,148.0,96.62965743411436,100.73426114971811,100.15971039182281
2023-12-15,92.51253199094735,92.51253199094735,233.33333333333334,148.0,97.58781461140306,101.0208477719295,100.15971039182281
2023-12-18,92.51253199094735,92.51253199094735,233.33333333333334,148.0,97.59176577502075,100.99649727461741,100.15971039182281
2023-12-19,92.51253199094735,92.51253199094735,233.33333333333334,148.0,96.1377375637125,100.14797609905033,100.15971039182281
2023-12-20,92.51253199094735,92.51253199094735,233.33333333333334,148.0,96.34122249002331,100.25099743383221,100.15971039182281
2023-12-21,92.51253199094735,92.51253199094735,233.33333333333334,148.0,96.31949109012604,100.36525745968119,100.15971039182281
2023-12-22,92.51253199094735,92.51253199094735,233.33333333333334,148.0,96.05081196412344,100.28471350703354,100.15971039182281
2023-12-26,92.51253199094735,92.51253199094735,233.33333333333334,148.0,96.05081196412344,99.90259801075167,100.15971039182281
2023-12-27,92.51253199094735,92.51253199094735,233.33333333333334,148.0,96.05081196412344,100.52634536497649,100.15971039182281
2023-12-28,92.51253199094735,92.51253199094735,233.33333333333334,148.0,96.05081196412344,100.73988049525164,100.15971039182281
2023-12-29,92.51253199094735,92.51253199094735,233.33333333333334,148.0,96.05081196412344,100.24163185794295,100.15971039182281
2024-01-01,92.51253199094735,92.51253199094735,175.0,14.000000000000002,96.05081196412344,100.24163185794295,95.86882453151618
2024-01-02,92.51253199094735,92.51253199094735,175.0,14.000000000000002,96.63755976134972,100.29220596774495,95.86882453151618
2024-01-03,92.51253199094735,92.51253199094735,175.0,14.000000000000002,97.22233197676715,100.54133028639932,95.86882453151618
2024-01-04,92.51253199094735,92.51253199094735,175.0,14.000000000000002,97.17491801335494,100.9609080862382,95.86882453151618
2024-01-05,92.51253199094735,92.51253199094735,175.0,14.000000000000002,96.6039748705994,100.5694270140671,95.86882453151618
2024-01-08,92.51253199094735,92.51253199094735,175.0,14.000000000000002,96.50717136196609,100.40459287841608,95.86882453151618
2024-01-09,92.51253199094735,92.51253199094735,175.0,14.000000000000002,96.67904697933541,100.08803641335906,95.86882453151618
2024-01-10,92.51253199094735,92.51253199094735,175.0,14.000000000000002,96.60792603421709,100.46453256410737,95.86882453151618
2024-01-11,92.51253199094735,92.51253199094735,175.0,14.000000000000002,96.39653878067091,100.07117837675838,95.86882453151618
2024-01-12,92.51253199094735,92.51253199094735,175.0,14.000000000000002,96.39653878067091,99.72839829921142,95.86882453151618
2024-01-15,92.51253199094735,92.51253199094735,175.0,14.000000000000002,96.33924690821448,100.03746230355704,95.86882453151618
2024-01-16,92.51253199094735,92.51253199094735,175.0,14.000000000000002,96.87858074202855,99.97377638751006,95.86882453151618
2024-01-17,92.51253199094735,92.51253199094735,175.0,14.000000000000002,97.48705993915208,100.29595219810065,95.86882453151618
2024-01-18,92.51253199094735,92.51253199094735,175.0,14.000000000000002,97.5996681022561,100.44018206679527,95.86882453151618
2024-01-19,92.51253199094735,92.51253199094735,175.0,14.000000000000002,97.24406337666443,100.34090696236913,95.86882453151618
2024-01-22,92.51253199094735,92.51253199094735,175.0,14.000000000000002,97.77154371962543,100.91408020679191,95.86882453151618
2024-01-23,92.51253199094735,92.51253199094735,175.0,14.000000000000002,98.21604962661503,100.88785659430198,95.86882453151618
2024-01-24,92.51253199094735,92.51253199094735,175.0,14.000000000000002,97.1828203405903,100.46265944892951,95.86882453151618
2024-01-25,92.51253199094735,92.51253199094735,175.0,14.000000000000002,97.261843612944,99.88948620450671,95.86882453151618
2024-01-26,92.51253199094735,92.51253199094735,175.0,14.000000000000002,97.05045635939784,99.97564950268792,95.86882453151618
2024-01-29,92.51253199094735,92.51253199094735,175.0,14.000000000000002,97.24801454028213,99.5804222001611,95.86882453151618
2024-01-30,92.51253199094735,92.51253199094735,175.0,14.000000000000002,98.06392982733415,100.77921591398655,95.86882453151618
2024-01-31,92.51253199094735,92.51253199094735,175.0,14.000000000000002,97.86044490102336,100.78296214434224,95.86882453151618
2024-02-01,88.74341673893272,88.74341673893272,345.83333333333337,-104.0,97.49496226638745,100.10114821960403,97.75340715502556
2024-02-02,88.74341673893272,88.74341673893272,345.83333333333337,-104.0,97.73400766525742,100.12362560173824,97.75340715502556
2024-02-05,88.74341673893272,88.74341673893272,345.83333333333337,-104.0,98.88379627800387,100.57130012924496,97.75340715502556
2024-02-06,88.74341673893272,88.74341673893272,345.83333333333337,-104.0,98.16073333596745,100.0037462303557,97.75340715502556
2024-02-07,88.74341673893272,88.74341673893272,345.83333333333337,-104.0,98.00466237306887,99.96441081162081,97.75340715502556
2024-02-08,88.74341673893272,88.74341673893272,345.83333333333337,-104.0,98.39187640760206,100.40646599359395,97.75340715502556
2024-02-09,88.74341673893272,88.74341673893272,345.83333333333337,-104.0,98.22000079023273,100.46453256410737,97.75340715502556
2024-02-14,88.74341673893272,88.74341673893272,345.83333333333337,-104.0,98.23185428108577,99.91758293217448,97.75340715502556
2024-02-15,88.74341673893272,88.74341673893272,345.83333333333337,-104.0,98.20617171757084,100.2079157847416,97.75340715502556
2024-02-16,88.74341673893272,88.74341673893272,345.83333333333337,-104.0,98.3069263898218,100.41395845430536,97.75340715502556
2024-02-19,88.74341673893272,88.74341673893272,345.83333333333337,-104.0,97.95922399146548,100.02060426695638,97.75340715502556
2024-02-20,88.74341673893272,88.74341673893272,345.83333333333337,-104.0,97.60954601130034,100.16296102047315,97.75340715502556
2024-02-21,88.74341673893272,88.74341673893272,345.83333333333337,-104.0,97.40210992137185,99.80332290632549,97.75340715502556
2024-02-22,88.74341673893272,88.74341673893272,345.83333333333337,-104.0,97.6312774111976,100.08429018300336,97.75340715502556
2024-02-23,88.74341673893272,88.74341673893272,345.83333333333337,-104.0,98.48472875261764,101.10888418528855,97.75340715502556
2024-02-26,88.74341673893272,88.74341673893272,345.83333333333337,-104.0,98.42151013473469,101.26809897540599,97.75340715502556
2024-02-27,88.74341673893272,88.74341673893272,345.83333333333337,-104.0,97.93946817337705,100.73426114971811,97.75340715502556
2024-02-28,88.74341673893272,88.74341673893272,345.83333333333337,-104.0,97.9039077008179,100.56755389888923,97.75340715502556
2024-02-29,88.74341673893272,88.74341673893272,345.83333333333337,-104.0,98.44916828005847,101.03395957817447,97.75340715502556
2024-03-01,88.74341673893272,88.74341673893272,66.66666666666667,-94.0,97.98095539136276,100.67432146402682,102.55536626916523
2024-03-04,88.74341673893272,88.74341673893272,66.66666666666667,-94.0,97.7419099924928,100.68930638544964,102.55536626916523
2024-03-05,88.74341673893272,88.74341673893272,66.66666666666667,-94.0,97.76759255600776,100.79794706576509,102.55536626916523
2024-03-06,88.74341673893272,88.74341673893272,66.66666666666667,-94.0,97.5897901932119,100.9103339764362,102.55536626916523
2024-03-07,88.74341673893272,88.74341673893272,66.66666666666667,-94.0,97.52262041171124,101.0826605727986,102.55536626916523
2024-03-08,88.74341673893272,88.74341673893272,66.66666666666667,-94.0,98.28717057173338,102.15408245453013,102.55536626916523
2024-03-11,88.74341673893272,88.74341673893272,66.66666666666667,-94.0,98.33853569876328,101.89933879034221,102.55536626916523
2024-03-12,88.74341673893272,88.74341673893272,66.66666666666667,-94.0,98.40965664388163,101.88997321445297,102.55536626916523
2024-03-13,88.74341673893272,88.74341673893272,66.66666666666667,-94.0,98.38990082579319,102.092269653661,102.55536626916523
2024-03-14,88.74341673893272,88.74341673893272,66.66666666666667,-94.0,98.3207554624837,101.49849214228183,102.55536626916523
2024-03-15,88.74341673893272,88.74341673893272,66.66666666666667,-94.0,98.65462878817812,101.85251091089592,102.55536626916523
2024-03-18,88.74341673893272,88.74341673893272,66.66666666666667,-94.0,99.02406258643171,102.21589525539925,102.55536626916523
2024-03-19,88.74341673893272,88.74341673893272,66.66666666666667,-94.0,99.47449523884784,102.43504973120795,102.55536626916523
2024-03-20,88.74341673893272,88.74341673893272,66.66666666666667,-94.0,99.01616025919633,101.91619682694288,102.55536626916523
2024-03-21,84.95949575921657,84.95949575921657,66.66666666666667,-94.0,98.39780315302856,101.34489669769793,102.55536626916523
2024-03-22,84.95949575921657,84.95949575921657,66.66666666666667,-94.0,98.57560551582442,101.10888418528855,102.55536626916523
2024-03-25,84.95949575921657,84.95949575921657,66.66666666666667,-94.0,98.52028922517682,101.2287635566711,102.55536626916523
2024-03-26,84.95949575921657,84.95949575921657,66.66666666666667,-94.0,98.52226480698566,101.16507764062412,102.55536626916523
2024-03-27,84.95949575921657,84.95949575921657,66.66666666666667,-94.0,98.49460666166185,101.06205630584225,102.55536626916523
2024-03-28,84.95949575921657,84.95949575921657,66.66666666666667,-94.0,98.70401833339919,101.10888418528855,102.55536626916523
2024-04-01,84.95949575921657,84.95949575921657,158.33333333333334,62.0,99.83009996443954,101.5902747859966,101.98040885860307
2024-04-02,84.95949575921657,84.95949575921657,158.33333333333334,62.0,99.71946738314435,101.8375259894731,101.98040885860307
2024-04-03,84.95949575921657,84.95949575921657,158.33333333333334,62.0,100.20941167173734,102.8883436042482,101.98040885860307
2024-04-04,84.95949575921657,84.95949575921657,158.33333333333334,62.0,99.24730333083093,102.25897690448984,101.98040885860307
2024-04-05,84.95949575921657,84.95949575921657,158.33333333333334,62.0,99.8063929827334,102.59801075168112,101.98040885860307
2024-04-08,84.95949575921657,84.95949575921657,158.33333333333334,62.0,99.61081038365798,102.50997433832205,101.98040885860307
2024-04-09,84.95949575921657,84.95949575921657,158.33333333333334,62.0,98.93713698684263,101.83565287429523,101.98040885860307
2024-04-10,84.95949575921657,84.95949575921657,158.33333333333334,62.0,100.07112094511834,101.8918463296308,101.98040885860307
2024-04-11,84.95949575921657,84.95949575921657,158.33333333333334,62.0,100.29041052589989,101.97239028227844,101.98040885860307
2024-04-12,84.95949575921657,84.95949575921657,158.33333333333334,62.0,101.47378402939667,102.45565399816434,101.98040885860307
2024-04-15,84.95949575921657,84.95949575921657,158.33333333333334,62.0,102.22845628037459,103.16743776574819,101.98040885860307
2024-04-16,84.95949575921657,84.95949575921657,158.33333333333334,62.0,103.98474850843573,104.80266731601327,101.98040885860307
2024-04-17,84.95949575921657,84.95949575921657,158.33333333333334,62.0,103.65680192816784,104.61910202858374,101.98040885860307
2024-04-18,84.95949575921657,84.95949575921657,158.33333333333334,62.0,103.74175194594808,104.86260700170453,101.98040885860307
2024-04-19,84.95949575921657,84.95949575921657,158.33333333333334,62.0,103.2616855663993,104.34750032779516,101.98040885860307
2024-04-22,84.95949575921657,84.95949575921657,158.33333333333334,62.0,102.81520407760085,103.78931200479518,101.98040885860307
2024-04-23,84.95949575921657,84.95949575921657,158.33333333333334,62.0,101.99138646331345,103.44091258171464,101.98040885860307
2024-04-24,84.95949575921657,84.95949575921657,158.33333333333334,62.0,101.9242166818128,103.28731713713076,101.98040885860307
2024-04-25,84.95949575921657,84.95949575921657,158.33333333333334,62.0,102.09609229918213,103.78931200479518,101.98040885860307
2024-04-26,84.95949575921657,84.95949575921657,158.33333333333334,62.0,101.11817930380498,102.48000449547644,101.98040885860307
2024-04-29,84.95949575921657,84.95949575921657,158.33333333333334,62.0,101.06088743134853,102.69915897128514,101.98040885860307
2024-04-30,84.95949575921657,84.95949575921657,158.33333333333334,62.0,102.17313998972699,103.51021784329517,101.98040885860307
2024-05-01,84.95949575921657,84.95949575921657,191.66666666666669,178.0,102.17313998972699,103.51021784329517,101.76746166950596
2024-05-02,84.95949575921657,84.95949575921657,191.66666666666669,178.0,101.11817930380498,102.65233109183882,101.76746166950596
2024-05-03,84.95949575921657,84.95949575921657,191.66666666666669,178.0,100.09877909044214,102.21402214022139,101.76746166950596
2024-05-06,84.95949575921657,84.95949575921657,191.66666666666669,178.0,100.21533841716386,102.43879596156367,101.76746166950596
2024-05-07,84.95949575921657,84.95949575921657,191.66666666666669,178.0,99.98419534552926,102.0885234233053,101.76746166950596
2024-05-08,84.95949575921657,84.95949575921657,191.66666666666669,178.0,100.53143150657871,102.53245172045628,101.76746166950596
2024-05-09,83.06013240550773,83.06013240550773,191.66666666666669,178.0,101.89458295468017,104.0590405904059,101.76746166950596
2024-05-10,83.06013240550773,83.06013240550773,191.66666666666669,178.0,101.67134221028094,103.8586172663757,101.76746166950596
2024-05-13,83.06013240550773,83.06013240550773,191.66666666666669,178.0,101.5686119562211,103.9766235225804,101.76746166950596
2024-05-14,83.06013240550773,83.06013240550773,191.66666666666669,178.0,101.45797937492593,104.07402551182872,101.76746166950596
2024-05-15,83.06013240550773,83.06013240550773,191.66666666666669,178.0,101.59034335611837,104.62472137411729,101.76746166950596
2024-05-16,83.06013240550773,83.06013240550773,191.66666666666669,178.0,101.28807933936544,104.44677543222132,101.76746166950596
2024-05-17,83.06013240550773,83.06013240550773,191.66666666666669,178.0,101.06483859496622,104.16955438589919,101.76746166950596
2024-05-20,83.06013240550773,83.06013240550773,191.66666666666669,178.0,100.92259670472956,103.9372881038455,101.76746166950596
2024-05-21,83.06013240550773,83.06013240550773,191.66666666666669,178.0,100.82776877790509,103.78181954408376,101.76746166950596
2024-05-22,83.06013240550773,83.06013240550773,191.66666666666669,178.0,101.74641431901694,104.5535429973589,101.76746166950596
2024-05-23,83.06013240550773,83.06013240550773,191.66666666666669,178.0,101.62985499229524,104.33626163672804,101.76746166950596
2024-05-24,83.06013240550773,83.06013240550773,191.66666666666669,178.0,101.75826780987,104.7108846722985,101.76746166950596
2024-05-27,83.06013240550773,83.06013240550773,191.66666666666669,178.0,102.14548184440318,105.19602150336225,101.76746166950596
2024-05-28,83.06013240550773,83.06013240550773,191.66666666666669,178.0,101.8175352641353,105.0405529436005,101.76746166950596
2024-05-29,83.06013240550773,83.06013240550773,191.66666666666669,178.0,102.67493776917303,105.2447224979864,101.76746166950596
2024-05-31,83.06013240550773,83.06013240550773,191.66666666666669,178.0,103.55209609229918,106.49783655196958,101.76746166950596
2024-06-01,83.06013240550773,83.06013240550773,87.5,162.0,103.55209609229918,106.49783655196958,101.49063032367971
2024-06-03,83.06013240550773,83.06013240550773,87.5,162.0,103.46714607451895,106.86122089647291,101.49063032367971
2024-06-04,83.06013240550773,83.06013240550773,87.5,162.0,104.08747876249555,107.37258134002661,101.49063032367971
2024-06-05,83.06013240550773,83.06013240550773,87.5,162.0,104.39171836105731,107.52804989978833,101.49063032367971
2024-06-06,83.06013240550773,83.06013240550773,87.5,162.0,104.0756252716425,107.40067806769437,101.49063032367971
2024-06-07,83.06013240550773,83.06013240550773,87.5,162.0,104.31467067051246,106.90617566074137,101.49063032367971
2024-06-10,83.06013240550773,83.06013240550773,87.5,162.0,106.02157335335257,108.08249199243261,101.49063032367971
2024-06-11,83.06013240550773,83.06013240550773,87.5,162.0,105.7410407364969,107.62545188903665,101.49063032367971
2024-06-12,83.06013240550773,83.06013240550773,87.5,162.0,106.46607926034217,109.46297787850973,101.49063032367971
2024-06-13,83.06013240550773,83.06013240550773,87.5,162.0,106.63005255047612,108.7418285350366,101.49063032367971
2024-06-14,83.06013240550773,83.06013240550773,87.5,162.0,105.95045240823424,107.49620694176485,101.49063032367971
2024-06-17,83.06013240550773,83.06013240550773,87.5,162.0,106.93824331265557,108.73246295914736,101.49063032367971
2024-06-18,83.06013240550773,83.06013240550773,87.5,162.0,106.82761073136038,108.78116395377151,101.49063032367971
2024-06-19,83.06013240550773,83.06013240550773,87.5,162.0,107.95961910782725,110.04738981399966,101.49063032367971
2024-06-20,83.06013240550773,83.06013240550773,87.5,162.0,107.18321545695207,108.8092606814393,101.49063032367971
2024-06-21,83.06013240550773,83.06013240550773,87.5,162.0,107.5032597099846,109.01155712064734,101.49063032367971
2024-06-24,83.06013240550773,83.06013240550773,87.5,162.0,106.68141767750603,108.51143536816079,101.49063032367971
2024-06-25,83.06013240550773,83.06013240550773,87.5,162.0,107.25433640207042,108.85983479124131,101.49063032367971
2024-06-26,83.06013240550773,83.06013240550773,87.5,162.0,108.84863092180647,110.26279805945268,101.49063032367971
2024-06-27,83.06013240550773,83.06013240550773,87.5,162.0,109.10940772057371,110.78539719407345,101.49063032367971
2024-06-28,83.06013240550773,83.06013240550773,87.5,162.0,109.82061717175708,111.53838949557007,101.49063032367971
2024-07-01,83.06013240550773,83.06013240550773,158.33333333333334,122.0,110.42119404164525,112.32697098544591,105.57921635434411
2024-07-02,83.06013240550773,83.06013240550773,158.33333333333334,122.0,111.97005017977794,113.99778972409014,105.57921635434411
2024-07-03,83.06013240550773,83.06013240550773,158.33333333333334,122.0,110.36192658737998,112.99754621911701,105.57921635434411
2024-07-04,83.06013240550773,83.06013240550773,158.33333333333334,122.0,108.33893081512507,111.07011070110701,105.57921635434411
2024-07-05,83.06013240550773,83.06013240550773,158.33333333333334,122.0,108.59773203208346,111.51216588308013,105.57921635434411
2024-07-08,83.06013240550773,83.06013240550773,158.33333333333334,122.0,108.10383657987279,111.07573004664056,105.57921635434411
2024-07-09,83.06013240550773,83.06013240550773,158.33333333333334,122.0,107.44596783752816,110.17663476127146,105.57921635434411
2024-07-10,83.06013240550773,83.06013240550773,158.33333333333334,122.0,106.61622347781423,109.4255155749527,105.57921635434411
2024-07-11,83.06013240550773,83.06013240550773,158.33333333333334,122.0,106.8789758583903,110.17288853091576,105.57921635434411
2024-07-12,83.06013240550773,83.06013240550773,158.33333333333334,122.0,107.72650045438381,111.3529510929627,105.57921635434411
2024-07-15,83.06013240550773,83.06013240550773,158.33333333333334,122.0,107.79367023588446,111.54400884110362,105.57921635434411
2024-07-16,83.06013240550773,83.06013240550773,158.33333333333334,122.0,107.22272709312892,110.67862962893588,105.57921635434411
2024-07-17,83.06013240550773,83.06013240550773,158.33333333333334,122.0,108.00505748943064,111.96733287129825,105.57921635434411
2024-07-18,83.06013240550773,83.06013240550773,158.33333333333334,122.0,109.49859733691574,113.30848333864047,105.57921635434411
2024-07-19,83.06013240550773,83.06013240550773,158.33333333333334,122.0,109.7297404085503,113.29724464757338,105.57921635434411
2024-07-22,83.06013240550773,83.06013240550773,158.33333333333334,122.0,109.83839740803667,113.32721449041902,105.57921635434411
2024-07-23,83.06013240550773,83.06013240550773,158.33333333333334,122.0,110.2512940060848,113.4808099350029,105.57921635434411
2024-07-24,83.06013240550773,83.06013240550773,158.33333333333334,122.0,111.316132601051,114.56721673815721,105.57921635434411
2024-07-25,83.06013240550773,83.06013240550773,158.33333333333334,122.0,111.4267651823462,114.75452825594246,105.57921635434411
2024-07-26,83.06013240550773,83.06013240550773,158.33333333333334,122.0,111.5512268363033,114.86129582108005,105.57921635434411
2024-07-29,83.06013240550773,83.06013240550773,158.33333333333334,122.0,111.57888498162708,114.47730720962032,105.57921635434411
2024-07-30,83.06013240550773,83.06013240550773,158.33333333333334,122.0,111.68359081749574,114.46794163373106,105.57921635434411
2024-07-31,83.06013240550773,83.06013240550773,158.33333333333334,122.0,111.85941759848275,114.79760990503307,105.57921635434411
2024-08-01,83.06013240550773,83.06013240550773,-8.333333333333334,57.99999999999999,111.97795250701333,114.54661247120086,101.618398637138
2024-08-02,83.06013240550773,83.06013240550773,-8.333333333333334,57.99999999999999,113.33122604607058,117.27386817015379,101.618398637138
2024-08-05,83.06013240550773,83.06013240550773,-8.333333333333334,57.99999999999999,113.88438895254653,118.31157397868395,101.618398637138
2024-08-06,83.06013240550773,83.06013240550773,-8.333333333333334,57.99999999999999,111.6756884902604,115.6873396145129,101.618398637138
2024-08-07,83.06013240550773,83.06013240550773,-8.333333333333334,57.99999999999999,110.81631040341382,114.78824432914378,101.618398637138
2024-08-08,83.06013240550773,83.06013240550773,-8.333333333333334,57.99999999999999,110.9723813663124,114.83319909341225,101.618398637138
2024-08-09,83.06013240550773,83.06013240550773,-8.333333333333334,57.99999999999999,108.88419139436564,112.77651862813045,101.618398637138
2024-08-12,83.06013240550773,83.06013240550773,-8.333333333333334,57.99999999999999,108.48117270536173,112.40002247738212,101.618398637138
2024-08-13,83.06013240550773,83.06013240550773,-8.333333333333334,57.99999999999999,108.41005176024339,112.59295334070092,101.618398637138
2024-08-14,83.06013240550773,83.06013240550773,-8.333333333333334,57.99999999999999,107.67315974554505,112.54237923089892,101.618398637138
2024-08-15,83.06013240550773,83.06013240550773,-8.333333333333334,57.99999999999999,107.96752143506264,112.46183527825124,101.618398637138
2024-08-16,83.06013240550773,83.06013240550773,-8.333333333333334,57.99999999999999,107.9299853806946,112.52364807912039,101.618398637138
2024-08-19,83.06013240550773,83.06013240550773,-8.333333333333334,57.99999999999999,107.14963056620175,112.46183527825124,101.618398637138
2024-08-20,83.06013240550773,83.06013240550773,-8.333333333333334,57.99999999999999,107.76206092694298,113.48268305018077,101.618398637138
2024-08-21,83.06013240550773,83.06013240550773,-8.333333333333334,57.99999999999999,108.07815401635781,114.18510124187536,101.618398637138
2024-08-22,83.06013240550773,83.06013240550773,-8.333333333333334,57.99999999999999,109.6922043541823,115.57869893419746,101.618398637138
2024-08-23,83.06013240550773,83.06013240550773,-8.333333333333334,57.99999999999999,109.17657750207437,115.6873396145129,101.618398637138
2024-08-26,83.06013240550773,83.06013240550773,-8.333333333333334,57.99999999999999,108.50092852345014,114.84818401483507,101.618398637138
2024-08-27,83.06013240550773,83.06013240550773,-8.333333333333334,57.99999999999999,108.59575645027462,114.91748927641561,101.618398637138
2024-08-28,83.06013240550773,83.06013240550773,-8.333333333333334,57.99999999999999,109.27930775613419,115.28836608163036,101.618398637138
2024-08-29,83.06013240550773,83.06013240550773,-8.333333333333334,57.99999999999999,111.33983958275712,117.02849008185513,101.618398637138
2024-08-30,83.06013240550773,83.06013240550773,-8.333333333333334,57.99999999999999,111.74285827176105,117.18770487197258,101.618398637138
2024-09-01,83.06013240550773,83.06013240550773,183.33333333333334,124.0,111.74285827176105,117.18770487197258,100.3300681431005
2024-09-02,83.06013240550773,83.06013240550773,183.33333333333334,124.0,111.08696511122527,116.58456178470414,100.3300681431005
2024-09-03,83.06013240550773,83.06013240550773,183.33333333333334,124.0,111.0751116203722,116.29797516249273,100.3300681431005
2024-09-04,83.06013240550773,83.06013240550773,183.33333333333334,124.0,111.34181516456599,116.97791597205311,100.3300681431005
2024-09-05,83.06013240550773,83.06013240550773,183.33333333333334,124.0,110.72938480382473,116.49277914098937,100.3300681431005
2024-09-06,83.06013240550773,83.06013240550773,183.33333333333334,124.0,110.04385791615631,115.66673534755651,100.3300681431005
2024-09-09,83.06013240550773,83.06013240550773,183.33333333333334,124.0,110.82421273064918,116.02450034652631,100.3300681431005
2024-09-10,83.06013240550773,83.06013240550773,183.33333333333334,124.0,111.13437907463748,116.18184202146591,100.3300681431005
2024-09-11,83.06013240550773,83.06013240550773,183.33333333333334,124.0,111.39713145521357,116.31857942944912,100.3300681431005
2024-09-12,83.06013240550773,83.06013240550773,183.33333333333334,124.0,111.7270536172903,116.95918482027461,100.3300681431005
2024-09-13,83.06013240550773,83.06013240550773,183.33333333333334,124.0,110.07349164328895,115.69857830558001,100.3300681431005
2024-09-16,83.06013240550773,83.06013240550773,183.33333333333334,124.0,109.06594492077917,115.02238372637532,100.3300681431005
2024-09-17,83.06013240550773,83.06013240550773,183.33333333333334,124.0,108.67675530443717,114.55035870155655,100.3300681431005
2024-09-18,83.06013240550773,83.06013240550773,183.33333333333334,124.0,108.19668892488838,114.03337891246932,100.3300681431005
2024-09-19,84.95949575921657,84.95949575921657,183.33333333333334,124.0,107.0548026393773,113.15488789405661,100.3300681431005
2024-09-20,84.95949575921657,84.95949575921657,183.33333333333334,124.0,108.21249357935912,114.4904190158653,100.3300681431005
2024-09-23,84.95949575921657,84.95949575921657,183.33333333333334,124.0,109.53810897309258,115.59181074044243,100.3300681431005
2024-09-24,84.95949575921657,84.95949575921657,183.33333333333334,124.0,108.06827610731362,114.25627961863374,100.3300681431005
2024-09-25,84.95949575921657,84.95949575921657,183.33333333333334,124.0,108.13544588881427,114.24504092756662,100.3300681431005
2024-09-26,84.95949575921657,84.95949575921657,183.33333333333334,124.0,107.49535738274922,113.97718545713376,100.3300681431005
2024-09-27,84.95949575921657,84.95949575921657,183.33333333333334,124.0,107.53289343711725,113.77301590274784,100.3300681431005
2024-09-30,84.95949575921657,84.95949575921657,183.33333333333334,124.0,107.63167252755936,113.73368048401295,100.3300681431005
2024-10-01,84.95949575921657,84.95949575921657,233.33333333333334,124.0,107.71069579991308,113.02002360125125,103.43909710391823
2024-10-02,84.95949575921657,84.95949575921657,233.33333333333334,124.0,107.28397012920306,112.40002247738212,103.43909710391823
2024-10-03,84.95949575921657,84.95949575921657,233.33333333333334,124.0,108.36066221502234,113.17923839136867,103.43909710391823
2024-10-04,84.95949575921657,84.95949575921657,233.33333333333334,124.0,108.03666679837214,112.27639687564388,103.43909710391823
2024-10-07,84.95949575921657,84.95949575921657,233.33333333333334,124.0,107.91813188984156,112.31760540955662,103.43909710391823
2024-10-08,84.95949575921657,84.95949575921657,233.33333333333334,124.0,109.04618910269075,113.41899713413378,103.43909710391823
2024-10-09,84.95949575921657,84.95949575921657,233.33333333333334,124.0,110.1130032794658,114.33120422574783,103.43909710391823
2024-10-10,84.95949575921657,84.95949575921657,233.33333333333334,124.0,110.2750009877909,114.23754846685522,103.43909710391823
2024-10-11,84.95949575921657,84.95949575921657,233.33333333333334,124.0,111.15215931091707,115.3145896941203,103.43909710391823
2024-10-14,84.95949575921657,84.95949575921657,233.33333333333334,124.0,110.72148247658934,114.51102328282165,103.43909710391823
2024-10-15,84.95949575921657,84.95949575921657,233.33333333333334,124.0,111.37935121893399,115.09543521831156,103.43909710391823
2024-10-16,84.95949575921657,84.95949575921657,233.33333333333334,124.0,112.11229207001463,115.5768258190196,103.43909710391823
2024-10-17,84.95949575921657,84.95949575921657,233.33333333333334,124.0,112.1300723062942,115.21344147451626,103.43909710391823
2024-10-18,84.95949575921657,84.95949575921657,233.33333333333334,124.0,111.96017227073374,115.21906082004982,103.43909710391823
2024-10-21,84.95949575921657,84.95949575921657,233.33333333333334,124.0,112.74250266703545,115.67048157791223,103.43909710391823
2024-10-22,84.95949575921657,84.95949575921657,233.33333333333334,124.0,112.52518866806275,115.27712739056324,103.43909710391823
2024-10-23,84.95949575921657,84.95949575921657,233.33333333333334,124.0,112.90252479355169,115.3970067619458,103.43909710391823
2024-10-24,84.95949575921657,84.95949575921657,233.33333333333334,124.0,112.78003872140346,115.52812482439545,103.43909710391823
2024-10-25,84.95949575921657,84.95949575921657,233.33333333333334,124.0,112.54692006796003,115.38576807087868,103.43909710391823
2024-10-28,84.95949575921657,84.95949575921657,233.33333333333334,124.0,112.58445612232804,115.48691629048268,103.43909710391823
2024-10-29,84.95949575921657,84.95949575921657,233.33333333333334,124.0,112.88474455727213,115.57120647348604,103.43909710391823
2024-10-30,84.95949575921657,84.95949575921657,233.33333333333334,124.0,114.19060413291714,117.62226759323428,103.43909710391823
2024-10-31,84.95949575921657,84.95949575921657,233.33333333333334,124.0,114.1471413331226,117.49114953078464,103.43909710391823
2024-11-01,84.95949575921657,84.95949575921657,162.50000000000003,260.0,114.72796238492235,118.01187555022759,105.76022146507667
2024-11-04,84.95949575921657,84.95949575921657,162.50000000000003,260.0,114.38223556837488,118.21042575907993,105.76022146507667
2024-11-05,84.95949575921657,84.95949575921657,162.50000000000003,260.0,114.27950531431507,118.13550115196583,105.76022146507667
2024-11-06,84.95949575921657,84.95949575921657,162.50000000000003,260.0,113.88834011616422,115.96081443047935,105.76022146507667
2024-11-07,88.74341673893272,88.74341673893272,162.50000000000003,260.0,111.86534434390929,114.66461872740554,105.76022146507667
2024-11-08,88.74341673893272,88.74341673893272,162.50000000000003,260.0,113.88834011616422,116.06945511079476,105.76022146507667
2024-11-11,88.74341673893272,88.74341673893272,162.50000000000003,260.0,114.5442332767,115.62927304399946,105.76022146507667
2024-11-12,88.74341673893272,88.74341673893272,162.50000000000003,260.0,113.97921687937098,114.65899938187198,105.76022146507667
2024-11-13,88.74341673893272,88.74341673893272,162.50000000000003,260.0,114.01675293373899,114.46981474890892,105.76022146507667
2024-11-14,88.74341673893272,88.74341673893272,162.50000000000003,260.0,114.35655300485993,114.65899938187198,105.76022146507667
2024-11-18,88.74341673893272,88.74341673893272,162.50000000000003,260.0,113.7994389347663,114.0895723678049,105.76022146507667
2024-11-19,88.74341673893272,88.74341673893272,162.50000000000003,260.0,114.07602038800428,114.51851574353307,105.76022146507667
2024-11-21,88.74341673893272,88.74341673893272,162.50000000000003,260.0,114.92552056580665,114.5335006649559,105.76022146507667
2024-11-22,88.74341673893272,88.74341673893272,162.50000000000003,260.0,114.82871705717335,113.34781875737538,105.76022146507667
2024-11-25,88.74341673893272,88.74341673893272,162.50000000000003,260.0,114.58769607649452,113.97905857231162,105.76022146507667
2024-11-26,88.74341673893272,88.74341673893272,162.50000000000003,260.0,114.56398909478843,113.83670181879484,105.76022146507667
2024-11-27,88.74341673893272,88.74341673893272,162.50000000000003,260.0,115.15863921925006,115.43072283514712,105.76022146507667
2024-11-28,88.74341673893272,88.74341673893272,162.50000000000003,260.0,118.28005847722154,118.34716316706313,105.76022146507667
2024-11-29,88.74341673893272,88.74341673893272,162.50000000000003,260.0,119.5918447982931,119.77260381740874,105.76022146507667
2024-12-01,88.74341673893272,88.74341673893272,216.66666666666669,188.0,119.5918447982931,119.77260381740874,110.04045996592843
2024-12-02,88.74341673893272,88.74341673893272,216.66666666666669,188.0,119.78742739736852,118.92408264184165,110.04045996592843
2024-12-03,88.74341673893272,88.74341673893272,216.66666666666669,188.0,119.93164486941406,119.60215033622417,110.04045996592843
2024-12-04,88.74341673893272,88.74341673893272,216.66666666666669,188.0,119.68272156149986,119.48976342555304,110.04045996592843
2024-12-05,88.74341673893272,88.74341673893272,216.66666666666669,188.0,118.23659567742699,118.52698222413696,110.04045996592843
2024-12-06,88.74341673893272,88.74341673893272,216.66666666666669,188.0,119.11375400055317,119.31743682919063,110.04045996592843
2024-12-09,88.74341673893272,88.74341673893272,216.66666666666669,188.0,119.66099016160261,120.17157735029127,110.04045996592843
2024-12-10,88.74341673893272,88.74341673893272,216.66666666666669,188.0,119.57999130744005,119.10390169891546,110.04045996592843
2024-12-11,88.74341673893272,88.74341673893272,216.66666666666669,188.0,119.16709470939193,118.53447468484836,110.04045996592843
2024-12-12,96.2647264113031,96.2647264113031,216.66666666666669,188.0,117.36536409972737,116.55271882668066,110.04045996592843
2024-12-13,96.2647264113031,96.2647264113031,216.66666666666669,188.0,119.32514125409935,118.68057766872084,110.04045996592843
2024-12-16,96.2647264113031,96.2647264113031,216.66666666666669,188.0,119.5404796712632,119.0870436623148,110.04045996592843
2024-12-17,96.2647264113031,96.2647264113031,216.66666666666669,188.0,119.5404796712632,121.31979695431471,110.04045996592843
2024-12-18,96.2647264113031,96.2647264113031,216.66666666666669,188.0,121.7432533881228,120.91145784554291,110.04045996592843
2024-12-19,96.2647264113031,96.2647264113031,216.66666666666669,188.0,121.7432533881228,120.24837507258322,110.04045996592843
2024-12-20,96.2647264113031,96.2647264113031,216.66666666666669,188.0,120.07586234145957,118.37900612508663,110.04045996592843
2024-12-23,96.2647264113031,96.2647264113031,216.66666666666669,188.0,121.7195464064167,119.92994549234832,110.04045996592843
2024-12-24,96.2647264113031,96.2647264113031,216.66666666666669,188.0,121.57928009798886,119.92994549234832,110.04045996592843
2024-12-26,96.2647264113031,96.2647264113031,216.66666666666669,188.0,121.80647200600578,120.22402457527113,110.04045996592843
2024-12-27,96.2647264113031,96.2647264113031,216.66666666666669,188.0,121.80647200600578,121.02759098656975,110.04045996592843
2024-12-30,96.2647264113031,96.2647264113031,216.66666666666669,188.0,121.80647200600578,120.40758986270066,110.04045996592843
2024-12-31,96.2647264113031,96.2647264113031,216.66666666666669,188.0,121.80647200600578,120.55931219210669,110.04045996592843
2025-01-01,96.2647264113031,96.2647264113031,66.66666666666667,54.0,121.80647200600578,120.55931219210669,106.35647359454853
2025-01-02,96.2647264113031,96.2647264113031,66.66666666666667,54.0,121.80647200600578,119.49163654073087,106.35647359454853
2025-01-03,96.2647264113031,96.2647264113031,66.66666666666667,54.0,121.62274289778341,118.64686159551951,106.35647359454853
2025-01-06,96.2647264113031,96.2647264113031,66.66666666666667,54.0,120.74558457465724,119.0046265944893,106.35647359454853
2025-01-07,96.2647264113031,96.2647264113031,66.66666666666667,54.0,119.99881465091468,118.03060670200611,106.35647359454853
2025-01-08,96.2647264113031,96.2647264113031,66.66666666666667,54.0,121.14465210004349,118.34154382152957,106.35647359454853
2025-01-09,96.2647264113031,96.2647264113031,66.66666666666667,54.0,120.30502983128532,117.48740330042895,106.35647359454853
2025-01-10,96.2647264113031,96.2647264113031,66.66666666666667,54.0,120.44134497609546,117.07157173094573,106.35647359454853
2025-01-13,96.2647264113031,96.2647264113031,66.66666666666667,54.0,120.66656130230353,116.6725981980632,106.35647359454853
2025-01-14,96.2647264113031,96.2647264113031,66.66666666666667,54.0,119.86052392429572,116.99664712383165,106.35647359454853
2025-01-15,96.2647264113031,96.2647264113031,66.66666666666667,54.0,119.27970287249596,116.56583063292561,106.35647359454853
2025-01-16,96.2647264113031,96.2647264113031,66.66666666666667,54.0,119.17104587300959,116.40286961245248,106.35647359454853
2025-01-17,96.2647264113031,96.2647264113031,66.66666666666667,54.0,119.73803785214747,116.93296120778467,106.35647359454853
2025-01-20,96.2647264113031,96.2647264113031,66.66666666666667,54.0,119.51874827136592,117.86389945117723,106.35647359454853
2025-01-21,96.2647264113031,96.2647264113031,66.66666666666667,54.0,119.40416452645304,117.75151254050611,106.35647359454853
2025-01-22,96.2647264113031,96.2647264113031,66.66666666666667,54.0,117.89086886087952,116.47030175885516,106.35647359454853
2025-01-23,96.2647264113031,96.2647264113031,66.66666666666667,54.0,117.3475838634478,115.67797403862363,106.35647359454853
2025-01-24,96.2647264113031,96.2647264113031,66.66666666666667,54.0,116.41115808605636,116.07882068668403,106.35647359454853
2025-01-27,96.2647264113031,96.2647264113031,66.66666666666667,54.0,117.09668497372476,116.57519620881489,106.35647359454853
2025-01-28,96.2647264113031,96.2647264113031,66.66666666666667,54.0,116.42103599510057,115.0748309513552,106.35647359454853
2025-01-29,96.2647264113031,96.2647264113031,66.66666666666667,54.0,115.7611916709471,114.37803210519415,106.35647359454853
2025-01-30,103.718352757038,103.718352757038,66.66666666666667,54.0,116.5711802125726,115.29960477269748,106.35647359454853
2025-01-31,103.718352757038,103.718352757038,66.66666666666667,54.0,115.17839503733849,113.54074962069419,106.35647359454853
2025-02-01,103.718352757038,103.718352757038,66.66666666666667,212.0,115.17839503733849,113.54074962069419,113.234667802385
2025-02-03,103.718352757038,103.718352757038,66.66666666666667,212.0,115.94096961555178,113.37966171539888,113.234667802385
2025-02-04,103.718352757038,103.718352757038,66.66666666666667,212.0,114.43952744083133,112.63790810496937,113.234667802385
2025-02-05,103.718352757038,103.718352757038,66.66666666666667,212.0,114.57781816745032,113.2298125011707,113.234667802385
2025-02-06,103.718352757038,103.718352757038,66.66666666666667,212.0,114.2992611324035,112.3812913256036,113.234667802385
2025-02-07,103.718352757038,103.718352757038,66.66666666666667,212.0,113.70856217155954,111.62829902410701,113.234667802385
2025-02-10,103.718352757038,103.718352757038,66.66666666666667,212.0,114.20443320557905,111.71446232228818,113.234667802385
2025-02-11,103.718352757038,103.718352757038,66.66666666666667,212.0,114.1649215694022,111.92425122220764,113.234667802385
2025-02-12,103.718352757038,103.718352757038,66.66666666666667,212.0,114.0128017701213,112.15277127390561,113.234667802385
2025-02-13,103.718352757038,103.718352757038,66.66666666666667,212.0,114.1649215694022,112.94135276378145,113.234667802385
2025-02-14,103.718352757038,103.718352757038,66.66666666666667,212.0,113.16725275593662,112.75966059152978,113.234667802385
2025-02-17,103.718352757038,103.718352757038,66.66666666666667,212.0,112.81559919396263,112.09845093374793,113.234667802385
2025-02-18,103.718352757038,103.718352757038,66.66666666666667,212.0,112.56667588604843,111.71258920711036,113.234667802385
2025-02-19,103.718352757038,103.718352757038,66.66666666666667,212.0,112.78003872140346,111.4747035795231,113.234667802385
2025-02-20,103.718352757038,103.718352757038,66.66666666666667,212.0,112.64569915840215,111.86618465169423,113.234667802385
2025-02-21,103.718352757038,103.718352757038,66.66666666666667,212.0,112.6615038128729,111.67887313390901,113.234667802385
2025-02-24,103.718352757038,103.718352757038,66.66666666666667,212.0,113.11786321071556,112.28014310599958,113.234667802385
2025-02-25,103.718352757038,103.718352757038,66.66666666666667,212.0,114.1471413331226,113.61567422780826,113.234667802385
2025-02-26,103.718352757038,103.718352757038,66.66666666666667,212.0,114.10367853332805,113.66999456796599,113.234667802385
2025-02-27,103.718352757038,103.718352757038,66.66666666666667,212.0,115.03417756529298,113.60443553674115,113.234667802385
2025-02-28,103.718352757038,103.718352757038,66.66666666666667,212.0,115.54782883559207,113.93785003839885,113.234667802385
2025-03-01,103.718352757038,103.718352757038,233.33333333333334,-68.0,115.54782883559207,113.93785003839885,112.06345826235093
2025-03-05,103.718352757038,103.718352757038,233.33333333333334,-68.0,114.41384487731638,116.87676775244908,112.06345826235093
2025-03-06,103.718352757038,103.718352757038,233.33333333333334,-68.0,113.57422260855823,116.49277914098937,112.06345826235093
2025-03-07,103.718352757038,103.718352757038,233.33333333333334,-68.0,113.96736338851792,117.46867214865043,112.06345826235093
2025-03-10,103.718352757038,103.718352757038,233.33333333333334,-68.0,114.44545418625786,117.60353644145579,112.06345826235093
2025-03-11,103.718352757038,103.718352757038,233.33333333333334,-68.0,115.26729621873642,119.42045816397248,112.06345826235093
2025-03-12,103.718352757038,103.718352757038,233.33333333333334,-68.0,115.11320083764669,119.23876599172083,112.06345826235093
2025-03-13,103.718352757038,103.718352757038,233.33333333333334,-68.0,114.84254612983524,118.23852248674771,112.06345826235093
2025-03-14,103.718352757038,103.718352757038,233.33333333333334,-68.0,113.43593188193924,116.93108809260681,112.06345826235093
2025-03-17,103.718352757038,103.718352757038,233.33333333333334,-68.0,112.77016081235925,116.77936576320076,112.06345826235093
2025-03-18,103.718352757038,103.718352757038,233.33333333333334,-68.0,112.31577699632543,116.36166107853971,112.06345826235093
2025-03-19,103.718352757038,103.718352757038,233.33333333333334,-68.0,111.93053854360109,115.45320021728136,112.06345826235093
2025-03-20,111.10852598405212,111.10852598405212,233.33333333333334,-68.0,111.87324667114464,115.06546537546593,112.06345826235093
2025-03-21,111.10852598405212,111.10852598405212,233.33333333333334,-68.0,113.08427831996524,115.87090490194241,112.06345826235093
2025-03-24,111.10852598405212,111.10852598405212,233.33333333333334,-68.0,113.40432257299776,116.07132822597262,112.06345826235093
2025-03-25,111.10852598405212,111.10852598405212,233.33333333333334,-68.0,112.5923584495634,115.33519396107666,112.06345826235093
2025-03-26,111.10852598405212,111.10852598405212,233.33333333333334,-68.0,113.19688648306926,115.7191825725364,112.06345826235093
2025-03-27,111.10852598405212,111.10852598405212,233.33333333333334,-68.0,113.54458888142558,116.26800531964712,112.06345826235093
2025-03-28,111.10852598405212,111.10852598405212,233.33333333333334,-68.0,113.91204709787033,116.92546874707325,112.06345826235093
2025-03-31,111.10852598405212,111.10852598405212,233.33333333333334,-68.0,113.44185862736578,116.12002922059676,112.06345826235093
2025-04-01,111.10852598405212,111.10852598405212,179.16666666666669,48.0,112.7089177762851,115.41199168336863,112.72359454855196
2025-04-02,111.10852598405212,111.10852598405212,179.16666666666669,48.0,112.45604330475325,115.87839736265381,112.72359454855196
2025-04-03,111.10852598405212,111.10852598405212,179.16666666666669,48.0,110.7649452763839,116.05821641972764,112.72359454855196
2025-04-04,111.10852598405212,111.10852598405212,179.16666666666669,48.0,114.14319016950493,119.20692303369734,112.72359454855196
2025-04-07,111.10852598405212,111.10852598405212,179.16666666666669,48.0,116.31633015923188,120.3513964073651,112.72359454855196
2025-04-08,111.10852598405212,111.10852598405212,179.16666666666669,48.0,117.28634082737366,121.3553861426939,112.72359454855196
2025-04-09,111.10852598405212,111.10852598405212,179.16666666666669,48.0,119.7301355249121,121.3553861426939,112.72359454855196
2025-04-10,111.10852598405212,111.10852598405212,179.16666666666669,48.0,116.78651862973646,123.8953303238616,112.72359454855196
2025-04-11,111.10852598405212,111.10852598405212,179.16666666666669,48.0,116.03974870599392,123.8953303238616,112.72359454855196
2025-04-14,111.10852598405212,111.10852598405212,179.16666666666669,48.0,115.423367181635,123.8953303238616,112.72359454855196
2025-04-15,111.10852598405212,111.10852598405212,179.16666666666669,48.0,115.98048125172863,123.8953303238616,112.72359454855196
2025-04-16,111.10852598405212,111.10852598405212,179.16666666666669,48.0,116.18001501442174,123.8953303238616,112.72359454855196
2025-04-17,111.10852598405212,111.10852598405212,179.16666666666669,48.0,115.68809514401993,123.8953303238616,112.72359454855196
2025-04-22,111.10852598405212,111.10852598405212,179.16666666666669,48.0,113.58805168122012,123.48511809991196,112.72359454855196
2025-04-23,111.10852598405212,111.10852598405212,179.16666666666669,48.0,112.37109328697301,120.92644276696574,112.72359454855196
2025-04-24,111.10852598405212,111.10852598405212,179.16666666666669,48.0,112.09056067011736,120.77284732238185,112.72359454855196
2025-04-25,111.10852598405212,111.10852598405212,179.16666666666669,48.0,112.30392350547235,121.18305954633148,112.72359454855196
2025-04-28,111.10852598405212,111.10852598405212,179.16666666666669,48.0,111.97795250701333,120.89647292412009,112.72359454855196
2025-04-29,111.10852598405212,111.10852598405212,179.16666666666669,48.0,111.55517799992099,120.5349616947946,112.72359454855196
2025-04-30,111.10852598405212,111.10852598405212,179.16666666666669,48.0,111.8337350349678,120.35888886807649,112.72359454855196
2025-05-01,111.10852598405212,111.10852598405212,108.33333333333334,-98.0,111.8337350349678,120.35888886807649,111.05195911413969
2025-05-02,111.10852598405212,111.10852598405212,108.33333333333334,-98.0,111.41096052787547,119.68082117369396,111.05195911413969
2025-05-05,111.10852598405212,111.10852598405212,108.33333333333334,-98.0,111.65988383578964,119.7894618540094,111.05195911413969
2025-05-06,111.10852598405212,111.10852598405212,108.33333333333334,-98.0,113.0230352838911,121.57454061850264,111.05195911413969
2025-05-07,111.10852598405212,111.10852598405212,108.33333333333334,-98.0,113.34900628235016,121.9566561147845,111.05195911413969
2025-05-08,114.77823135007085,114.77823135007085,108.33333333333334,-98.0,112.33158165079615,119.80819300578793,111.05195911413969
2025-05-09,114.77823135007085,114.77823135007085,108.33333333333334,-98.0,111.64210359951005,119.29495944705639,111.05195911413969
2025-05-12,114.77823135007085,114.77823135007085,108.33333333333334,-98.0,112.25650954206014,118.20667952872421,111.05195911413969
2025-05-13,114.77823135007085,114.77823135007085,108.33333333333334,-98.0,111.15018372910824,117.77773615299606,111.05195911413969
2025-05-14,114.77823135007085,114.77823135007085,108.33333333333334,-98.0,110.83013947607571,117.75525877086181,111.05195911413969
2025-05-15,114.77823135007085,114.77823135007085,108.33333333333334,-98.0,111.28057212849183,118.05308408414032,111.05195911413969
2025-05-16,114.77823135007085,114.77823135007085,108.33333333333334,-98.0,112.45999446837094,118.79296457939196,111.05195911413969
2025-05-19,114.77823135007085,114.77823135007085,108.33333333333334,-98.0,111.80015014421747,119.11326727480471,111.05195911413969
2025-05-20,114.77823135007085,114.77823135007085,108.33333333333334,-98.0,111.85744201667391,119.35489913274766,111.05195911413969
2025-05-21,114.77823135007085,114.77823135007085,108.33333333333334,-98.0,111.76063850804061,120.1940547324255,111.05195911413969
2025-05-22,114.77823135007085,114.77823135007085,108.33333333333334,-98.0,111.40305820064009,119.1657144997846,111.05195911413969
2025-05-23,114.77823135007085,114.77823135007085,108.33333333333334,-98.0,112.47382354103283,121.03695656245903,111.05195911413969
2025-05-26,114.77823135007085,114.77823135007085,108.33333333333334,-98.0,111.85546643486508,120.69979583044561,111.05195911413969
2025-05-27,114.77823135007085,114.77823135007085,108.33333333333334,-98.0,111.69741989015766,119.95804222001611,111.05195911413969
2025-05-28,114.77823135007085,114.77823135007085,108.33333333333334,-98.0,112.48172586826821,120.3626350984322,111.05195911413969
2025-05-29,114.77823135007085,114.77823135007085,108.33333333333334,-98.0,111.7369315263345,120.45629085732482,111.05195911413969
2025-05-30,114.77823135007085,114.77823135007085,108.33333333333334,-98.0,112.78003872140346,121.33478187573752,111.05195911413969
2025-06-01,114.77823135007085,114.77823135007085,100.0,-98.0,112.78003872140346,121.33478187573752,111.05195911413969
2025-06-02,114.77823135007085,114.77823135007085,100.0,-98.0,112.48370145007705,121.91170135051604,111.05195911413969
2025-06-03,114.77823135007085,114.77823135007085,100.0,-98.0,112.00363507052829,120.77472043755971,111.05195911413969
2025-06-04,114.77823135007085,114.77823135007085,100.0,-98.0,111.28847445572723,120.54245415550602,111.05195911413969
2025-06-05,114.77823135007085,114.77823135007085,100.0,-98.0,110.57133825911731,119.9224530316369,111.05195911413969
2025-06-06,114.77823135007085,114.77823135007085,100.0,-98.0,110.52787545932277,119.4354430853953,111.05195911413969
2025-06-09,114.77823135007085,114.77823135007085,100.0,-98.0,110.15844166106919,119.32867552025772,111.05195911413969
2025-06-10,114.77823135007085,114.77823135007085,100.0,-98.0,109.75739855387413,118.88287410792888,111.05195911413969
2025-06-11,114.77823135007085,114.77823135007085,100.0,-98.0,109.42747639179737,119.21066926405304,111.05195911413969
2025-06-12,114.77823135007085,114.77823135007085,100.0,-98.0,109.42352522817971,120.11913012531139,111.05195911413969
2025-06-13,114.77823135007085,114.77823135007085,100.0,-98.0,109.94507882571418,120.48438758499258,111.05195911413969
2025-06-16,114.77823135007085,114.77823135007085,100.0,-98.0,108.89999604883639,119.57592672373423,111.05195911413969
2025-06-17,114.77823135007085,114.77823135007085,100.0,-98.0,108.20854241574142,118.3452900518853,111.05195911413969
2025-06-18,114.77823135007085,114.77823135007085,100.0,-98.0,108.41795408747876,118.42958023488865,111.05195911413969
2025-06-20,116.60779627318682,116.60779627318682,100.0,-98.0,108.57204946856851,118.59816060089534,111.05195911413969
2025-06-23,116.60779627318682,116.60779627318682,100.0,-98.0,109.07779841163223,119.33616798096915,111.05195911413969
2025-06-24,116.60779627318682,116.60779627318682,100.0,-98.0,108.53451341420049,119.45230112199599,111.05195911413969
2025-06-25,116.60779627318682,116.60779627318682,100.0,-98.0,109.50057291872457,120.63985614475435,111.05195911413969
2025-06-26,116.60779627318682,116.60779627318682,100.0,-98.0,108.94345884863093,121.02759098656975,111.05195911413969
2025-06-27,116.60779627318682,116.60779627318682,100.0,-98.0,108.18088427041765,120.25212130293892,111.05195911413969
2025-06-30,116.60779627318682,116.60779627318682,100.0,-98.0,107.80947489035519,120.31018787345234,111.05195911413969
2025-07-01,116.60779627318682,116.60779627318682,108.33333333333334,-154.0,107.69093998182467,120.23900949669395,111.31814310051107
2025-07-02,116.60779627318682,116.60779627318682,108.33333333333334,-154.0,107.69291556363349,120.38511248056642,111.31814310051107
2025-07-03,116.60779627318682,116.60779627318682,108.33333333333334,-154.0,107.0923386937453,119.38861520594901,111.31814310051107
2025-07-04,116.60779627318682,116.60779627318682,108.33333333333334,-154.0,106.85922004030186,119.35115290239197,111.31814310051107
2025-07-07,116.60779627318682,116.60779627318682,108.33333333333334,-154.0,107.77193883598719,119.89061007361342,111.31814310051107
2025-07-08,116.60779627318682,116.60779627318682,108.33333333333334,-154.0,107.80947489035519,119.67707494333825,111.31814310051107
2025-07-09,116.60779627318682,116.60779627318682,108.33333333333334,-154.0,107.91813188984156,119.78758873883154,111.31814310051107
2025-07-10,116.60779627318682,116.60779627318682,108.33333333333334,-154.0,109.51242640957763,121.37037106411672,111.31814310051107
2025-07-11,116.60779627318682,116.60779627318682,108.33333333333334,-154.0,110.08336955233315,122.08590106205631,111.31814310051107
2025-07-14,116.60779627318682,116.60779627318682,108.33333333333334,-154.0,109.83247066261015,121.54644389083484,111.31814310051107
2025-07-15,116.60779627318682,116.60779627318682,108.33333333333334,-154.0,109.79493460824213,120.9639050705228,111.31814310051107
2025-07-16,116.60779627318682,116.60779627318682,108.33333333333334,-154.0,110.08336955233315,121.36662483376102,111.31814310051107
2025-07-17,116.60779627318682,116.60779627318682,108.33333333333334,-154.0,110.1130032794658,121.08565755708318,111.31814310051107
2025-07-18,116.60779627318682,116.60779627318682,108.33333333333334,-154.0,109.57762060926943,120.99574802854627,111.31814310051107
2025-07-21,116.60779627318682,116.60779627318682,108.33333333333334,-154.0,109.89173811687543,121.9566561147845,111.31814310051107
2025-07-22,116.60779627318682,116.60779627318682,108.33333333333334,-154.0,110.05768698881822,122.60100773596567,111.31814310051107
2025-07-23,116.60779627318682,116.60779627318682,108.33333333333334,-154.0,109.71788691769726,122.2001610879053,111.31814310051107
2025-07-24,116.60779627318682,116.60779627318682,108.33333333333334,-154.0,109.12916353866216,121.73188229344221,111.31814310051107
2025-07-25,116.60779627318682,116.60779627318682,108.33333333333334,-154.0,109.49859733691574,121.78994886395564,111.31814310051107
2025-07-28,116.60779627318682,116.60779627318682,108.33333333333334,-154.0,110.38958473270377,121.51460093281136,111.31814310051107
2025-07-29,116.60779627318682,116.60779627318682,108.33333333333334,-154.0,110.16634398830456,120.48626070017046,111.31814310051107
2025-07-30,116.60779627318682,116.60779627318682,108.33333333333334,-154.0,110.69975107669208,120.38698559574428,111.31814310051107
2025-07-31,116.60779627318682,116.60779627318682,108.33333333333334,-154.0,110.67406851317713,119.9505497593047,111.31814310051107
2025-08-01,116.60779627318682,116.60779627318682,108.33333333333334,72.0,109.51835315500415,119.97490025661676,110.71124361158434
2025-08-04,116.60779627318682,116.60779627318682,108.33333333333334,72.0,108.88024023074796,119.42045816397248,110.71124361158434
2025-08-05,116.60779627318682,116.60779627318682,108.33333333333334,72.0,108.892093721601,119.5571955719557,110.71124361158434
2025-08-06,116.60779627318682,116.60779627318682,108.33333333333334,72.0,108.26583428819787,119.5571955719557,110.71124361158434
2025-08-07,116.60779627318682,116.60779627318682,108.33333333333334,72.0,107.94183887154767,119.1376177721168,110.71124361158434
2025-08-08,116.60779627318682,116.60779627318682,108.33333333333334,72.0,107.18321545695207,118.49326615093561,110.71124361158434
2025-08-11,116.60779627318682,116.60779627318682,108.33333333333334,72.0,107.61586787308863,118.44081892595575,110.71124361158434
2025-08-12,116.60779627318682,116.60779627318682,108.33333333333334,72.0,106.78414793156585,118.18420214658998,110.71124361158434
2025-08-13,116.60779627318682,116.60779627318682,108.33333333333334,72.0,106.53917578726937,118.32655890010678,110.71124361158434
2025-08-14,116.60779627318682,116.60779627318682,108.33333333333334,72.0,106.8690979493461,117.9837788225598,110.71124361158434
2025-08-15,116.60779627318682,116.60779627318682,108.33333333333334,72.0,106.53917578726937,118.25725363852622,110.71124361158434
2025-08-18,116.60779627318682,116.60779627318682,108.33333333333334,72.0,106.98763285787665,118.34903628224099,110.71124361158434
2025-08-19,116.60779627318682,116.60779627318682,108.33333333333334,72.0,108.09593425263739,119.50287523179801,110.71124361158434
2025-08-20,116.60779627318682,116.60779627318682,108.33333333333334,72.0,108.11569007072583,119.41109258808325,110.71124361158434
2025-08-21,116.60779627318682,116.60779627318682,108.33333333333334,72.0,108.31719941522779,119.18257253638527,110.71124361158434
2025-08-22,116.60779627318682,116.60779627318682,108.33333333333334,72.0,107.45584574657236,119.33429486579128,110.71124361158434
2025-08-25,116.60779627318682,116.60779627318682,108.33333333333334,72.0,107.02516891224465,118.42958023488865,110.71124361158434
2025-08-26,116.60779627318682,116.60779627318682,108.33333333333334,72.0,107.11209451183375,118.39399104650946,110.71124361158434
2025-08-27,116.60779627318682,116.60779627318682,108.33333333333334,72.0,107.5269666916907,118.37338677955307,110.71124361158434
2025-08-28,116.60779627318682,116.60779627318682,108.33333333333334,72.0,106.90860958552295,118.33217824564034,110.71124361158434
2025-08-29,116.60779627318682,116.60779627318682,108.33333333333334,72.0,107.20297127504051,118.88100099275105,110.71124361158434
2025-09-01,116.60779627318682,116.60779627318682,200.0,84.0,107.42818760124857,119.18257253638527,110.71124361158434
2025-09-02,116.60779627318682,116.60779627318682,200.0,84.0,108.02481330751907,119.36239159345907,110.71124361158434
2025-09-03,116.60779627318682,116.60779627318682,200.0,84.0,107.63957485479474,119.16196826942888,110.71124361158434
2025-09-04,116.60779627318682,116.60779627318682,200.0,84.0,107.8410841992967,119.10764792927115,110.71124361158434
2025-09-05,116.60779627318682,116.60779627318682,200.0,84.0,106.61819905962307,118.8697623016839,110.71124361158434
2025-09-08,116.60779627318682,116.60779627318682,200.0,84.0,107.2306294203643,119.47103227377451,110.71124361158434
2025-09-09,116.60779627318682,116.60779627318682,200.0,84.0,107.2306294203643,119.18631876674097,110.71124361158434
2025-09-10,116.60779627318682,116.60779627318682,200.0,84.0,106.92441423999368,118.7648678517242,110.71124361158434
2025-09-11,116.60779627318682,116.60779627318682,200.0,84.0,106.40088506065035,118.36589431884165,110.71124361158434
2025-09-12,116.60779627318682,116.60779627318682,200.0,84.0,106.04330475324983,117.78710172888529,110.71124361158434
2025-09-15,116.60779627318682,116.60779627318682,200.0,84.0,105.1167568849026,117.3356809710229,110.71124361158434
2025-09-16,116.60779627318682,116.60779627318682,200.0,84.0,104.8954917223122,117.83392960833162,110.71124361158434
2025-09-17,116.60779627318682,116.60779627318682,200.0,84.0,104.72756726856059,117.62601382359001,110.71124361158434
2025-09-18,116.60779627318682,116.60779627318682,200.0,84.0,104.72559168675176,116.96855039616385,110.71124361158434
2025-09-19,116.60779627318682,116.60779627318682,200.0,84.0,105.25109644790392,117.296345552288,110.71124361158434
2025-09-22,116.60779627318682,116.60779627318682,200.0,84.0,105.60867675530443,117.87513814224437,110.71124361158434
2025-09-23,116.60779627318682,116.60779627318682,200.0,84.0,104.83029752262043,117.29447243711016,110.71124361158434
2025-09-24,116.60779627318682,116.60779627318682,200.0,84.0,104.92710103125371,116.82432052746923,110.71124361158434
2025-09-25,116.60779627318682,116.60779627318682,200.0,84.0,105.54545813742149,116.82244741229138,110.71124361158434
2025-09-26,116.60779627318682,116.60779627318682,200.0,84.0,105.58496977359833,117.04722123363365,110.71124361158434
2025-09-29,116.60779627318682,116.60779627318682,200.0,84.0,105.1582441028883,116.95356547474105,110.71124361158434
2025-09-30,116.60779627318682,116.60779627318682,200.0,84.0,105.07329408510806,116.90861071047259,110.71124361158434
2025-10-01,116.60779627318682,116.60779627318682,200.0,84.0,105.1167568849026,116.83743233371419,110.71124361158434
2025-10-02,116.60779627318682,116.60779627318682,200.0,84.0,105.5928721008337,117.1165264952142,110.71124361158434
2025-10-03,116.60779627318682,116.60779627318682,200.0,84.0,105.689675609467,117.71405023694905,110.71124361158434
2025-10-06,116.60779627318682,116.60779627318682,200.0,84.0,105.15231735746178,116.7269185382209,110.71124361158434
2025-10-07,116.60779627318682,116.60779627318682,200.0,84.0,105.42297206527323,116.69694869537528,110.71124361158434
2025-10-08,116.60779627318682,116.60779627318682,200.0,84.0,105.54940930103915,116.15749152415383,110.71124361158434
2025-10-09,116.60779627318682,116.60779627318682,200.0,84.0,105.7686988818207,115.927098357278,110.71124361158434
2025-10-10,116.60779627318682,116.60779627318682,200.0,84.0,107.56252716424987,118.44456515631146,110.71124361158434
2025-10-13,116.60779627318682,116.60779627318682,200.0,84.0,107.92405863526811,118.45393073220072,110.71124361158434
