Date,PETR4.SA,VALE3.SA,ITUB4.SA,BBDC4.SA,WEGE3.SA,BOVA11.SA,IVVB11.SA,SMAL11.SA,^BVSP,^GSPC
2023-05-30,35.19693558916349,64.84219375760398,26.63901783062268,14.749055714533844,42.05061460240581,117.27555516010115,268.53677615001754,97.59493875347401,116634.95272332933,4412.808212629579
2023-05-31,33.59461554500587,67.3573405629987,26.35625405378262,13.888184425124589,42.921188102679906,122.13669631308478,278.31382883763916,91.98890465701317,118386.94854990671,4366.646931921687
2023-06-01,35.93909381270867,64.54427784403677,25.948529910444293,13.45772533848671,41.88978651526811,120.65610575655424,284.2862188854629,89.3763967972889,118805.62802959097,4342.3039188450575
2023-06-02,36.86706869388877,66.55069536262623,25.0089270118095,14.753000579170182,42.01789451431189,118.1484879910173,295.84625717496084,90.7950345721156,118280.05969724758,4542.293917619811
2023-06-03,35.21828180158373,67.3095604756117,24.734119257235747,14.435766705625573,40.341430373583826,115.88226173176699,288.7973540946408,89.67808678527211,112741.52343407096,4440.966831871221
2023-06-04,33.179193673005194,68.60776997829869,23.855690821476596,14.058132533200984,42.12996183152512,117.16660093359516,278.2715043180913,90.21595208218358,117748.75585689556,4518.676051831811
2023-06-05,33.9333770781076,67.07356916378839,24.575296652189483,14.253570986231217,41.73814501223343,126.65032671339088,283.13826820939187,95.8386839388925,110720.72870582166,4563.1046738660525
2023-06-06,32.48579286045472,67.3983575540859,24.945767894062747,13.869027696677241,41.07788375789284,121.24342183651999,272.12114022531455,94.34626234821323,116776.07659638235,4542.542088837707
2023-06-07,31.81011343753459,68.23737545288836,24.353118212882144,13.785726963491953,41.594611836331474,114.29610262877974,286.3364489446892,95.87467512197045,117456.85846551189,4580.948479808081
2023-06-08,33.43551820575683,65.52007872825915,23.87755062984998,14.046015546659682,41.74634695432266,115.10869219334884,278.41012556518535,94.21662755643145,121325.55643557283,4487.92912134338
2023-06-09,32.84859989863053,66.73190695769881,25.356012704265435,13.382920566946787,38.945599234938456,121.49932992462453,276.89598938298747,94.49320295810823,118352.22175715952,4393.117948870634
2023-06-10,33.21592355022508,67.84840735610051,25.6531464956616,13.651995738349893,41.01983603020895,122.23842270772569,283.4278261489942,88.82356958895517,114269.66723561352,4572.3410761398345
2023-06-11,32.55210791557169,69.95199190475127,26.64907793110212,12.871591795641184,41.96474961263018,121.93474672117028,269.32805099822366,93.20995008292951,116749.13344665176,4419.304262448907
2023-06-12,31.211494833544254,67.76508176975577,24.759474048828906,12.89183181153045,41.077988544296765,118.78361249963669,270.3587757612166,85.47094243535552,120713.27468299527,4421.256171821083
2023-06-13,30.183224631410802,68.06325035948964,25.494406564685804,13.690996779485364,42.9856610111057,120.8227940773653,275.24048274981976,89.36605760903899,118671.59566707793,4499.636190473957
2023-06-14,31.501408908941425,72.11494148986485,25.060074659574656,13.84582327427663,42.562429245124775,122.24279965723808,281.4136016282573,88.03406644857462,117009.4154264868,4431.538370727427
2023-06-15,30.27721520697571,73.72295976007162,25.07100693280145,14.502620726841009,42.95706606091131,121.48983099965301,266.62543351135804,83.96828982721813,115011.31401114924,4509.258671856109
2023-06-16,30.82714321996417,72.8956218754442,24.63602816974045,13.864581311364265,42.00708485718397,116.11924537885659,257.5478960639907,85.66414326753731,117929.91383288916,4550.171262869514
2023-06-17,29.151480336872627,76.85552437342788,23.9492545600493,13.496567250886446,44.88406915024317,121.87259289729482,270.68427771220837,89.87535594438963,114035.60156340357,4581.7845385916335
2023-06-18,26.711527532813037,78.20595603325374,24.67425719268444,13.790965038292807,42.78045126438423,120.24192126777181,277.21321988076113,85.49038123239298,113752.3965833592,4488.126933107779
2023-06-19,30.08752445215343,71.87218498362746,25.1621432354585,13.561823365419912,44.80665407666876,121.91389386881397,280.2521088306037,90.85521685631201,119271.52892525913,4596.795018210413
2023-06-20,29.69523321177405,75.5863634486399,25.302687243540664,12.619312342802921,45.48737324141792,127.65082284443494,270.43684922544816,82.86845513453162,111381.21036567431,4758.330922839557
2023-06-21,29.85501807187107,73.58334915181202,25.207858219120713,12.488654726323146,46.38570515386719,123.70057782470535,269.5471724418591,82.89114173287255,109680.88515421815,4796.391747575182
2023-06-22,30.71742466480373,74.98429166993492,25.741924295653394,12.417563638070183,44.26030261574438,121.52820937434863,282.29350927811095,84.97163666517407,115849.30772104635,4971.028131643736
2023-06-23,31.93987222226527,72.23144196684416,25.724247503854503,12.923745382441528,41.69705147177866,125.52191450836284,266.5690619459386,82.12100014452496,112697.45135251734,4849.835335476551
2023-06-24,33.92853279294573,72.31433366716,26.39090488733841,12.687880581445107,43.98718602082351,127.2918500543395,277.4640043344842,82.75863450256782,113710.17749316411,4835.843364511229
2023-06-25,32.872964922965224,74.07260664337912,25.046452665189737,12.884370608239946,45.3850357478091,123.67942709077019,276.28771918357484,85.25906375729535,112190.82788603642,4609.124147224401
2023-06-26,34.136978820036745,74.61057782587639,24.472000889133216,12.858977948425247,44.65989664612391,123.05367271513958,273.29981362961803,90.96386739079557,113745.02826909858,4815.143680809544
2023-06-27,33.45789029732471,73.87191491241285,23.606341193467294,12.59609561436035,42.84701040139781,127.07139475309937,269.9468456723323,81.37142779682311,117584.30976475407,4751.696641313681
2023-06-28,34.628894960298204,72.90534944647884,23.104458480759824,11.694959359789525,41.60569567593817,121.98259810788609,271.5415971617244,87.05842258685512,116595.46198964327,4689.495731255896
2023-06-29,34.51222627225213,75.58503868107177,22.50020156979756,12.45264397005191,42.03901128479433,127.5951514843527,261.28968070731366,92.83732657870968,116596.44447706784,4775.147497064595
2023-06-30,35.64330977777247,72.83269142119909,22.720093613921335,11.547919672640317,41.28586955319541,124.05413943274084,269.8288190131521,91.06996602449576,112050.20658535055,4816.845140017545
2023-07-01,33.460010059889115,74.65705099176591,23.52340914652838,11.589247980895612,41.74325566716024,127.4255197334145,277.2958827595951,85.97481470885269,112604.76263741625,4780.306112803326
2023-07-02,33.690802331923905,71.38987917681646,23.0826162168365,10.761688513315882,41.343930438824465,125.09127936342684,275.4812387160257,84.57848718810817,109417.2857705415,4617.259526907357
2023-07-03,35.9743210325412,71.60024286155979,22.16414173283459,10.867712563213244,41.995571274209354,126.25443874132843,279.9282496140852,88.43918360185158,112820.3970569674,4728.914123020948
2023-07-04,33.810710302625715,73.10145821858198,23.338508644252222,10.93567298139086,44.337419507955495,126.02866221633236,280.9132946435577,85.71401619701011,117399.69049040377,4618.571946530182
2023-07-05,34.07611385004401,75.73839667681371,21.72172766480656,11.788407629644924,42.79264824268155,129.9617360775279,275.14594043719245,84.37139354129441,116784.5956250433,4718.226345114229
2023-07-06,31.58463093388245,75.94773128365081,22.31252541792155,11.537785025814394,41.66387563610196,130.198001947794,276.0249946329667,77.82218106206129,114266.62722508842,4652.928032513809
2023-07-07,32.002638821190885,79.89613922273352,22.310201299934818,11.015293916610583,42.34185778153189,124.41657108371325,270.1121296398784,79.16868862521791,114761.57029152851,4658.57245520562
2023-07-08,32.35199405680048,79.09854951682419,22.775992561074183,10.568020491059915,41.61750379788562,125.97686440738426,275.5163724448063,80.49752470841392,114083.21090763503,4711.764622154358
2023-07-09,33.29122343242595,81.14139954308565,23.045395071476456,11.74127477985094,41.88881676977217,122.34773154572319,276.93585663740345,80.76822861090402,116393.52829685411,4587.840378960929
2023-07-10,33.52767493594337,77.26364444924067,22.376861340873344,12.552577883909308,42.486388136369676,121.22406309565591,274.9016355124143,82.32507353029128,117885.5928401817,4886.904746895366
2023-07-11,33.19860195696289,80.2316609437373,22.852412509308685,12.993184715307217,43.658906017247205,121.04181343965723,275.39329383741796,82.94953566541544,110904.32568900553,4482.79787479938
2023-07-12,34.325154860316,81.46335680503925,22.5573933899504,12.173242422662291,45.46683082769014,120.93142153396157,280.5654858326605,79.6694864809302,116384.36590386918,4641.107122812278
2023-07-13,33.82098574519657,73.74735638438392,22.304302734020645,11.870195099269896,44.18776421586278,127.70207078742823,281.53174667183913,83.50908298127916,118398.46657758506,4727.116214681433
2023-07-14,34.49686060499386,74.4765614281016,23.090445463973147,11.703211556822653,46.1058295371541,121.14789109281038,268.2733458232314,81.0779615516918,116172.12515250819,4752.876504816609
2023-07-15,34.34609380306859,77.38233490066605,22.739404987136197,11.323526056507017,45.11284514336016,118.98635541872129,286.69583449289763,82.48984772378662,118194.80263388324,4725.776845004306
2023-07-16,35.51014532838692,76.65335711319973,21.418874400194206,11.035116848915411,44.51036823167417,120.02921759185908,279.4540519687161,85.00141350261262,123920.53296221996,4749.992312530049
2023-07-17,36.61168200760499,78.17442088136328,23.07599857942058,11.53105554434466,44.871024092405946,121.58765009043545,284.9701749057454,79.38258886427488,116786.12698988654,4803.095955978599
2023-07-18,34.678908739498084,77.21024819068565,22.721454719358658,11.653770819664977,45.60910826787405,123.9797430526139,290.03269309074864,77.64203723183626,118784.93565417729,4736.003518051043
2023-07-19,36.621742803325866,79.20774343018509,20.688809164503507,11.322536881226771,46.670954744495354,114.87438318022888,274.7511884025592,75.71466315198862,115606.4586151759,4879.240870166167
2023-07-20,37.22967054204415,77.75738570993119,21.35309133713551,11.459517911526966,44.862434303656634,114.04580426214937,279.442214857646,74.77842120875776,118786.71831776053,4793.763231195909
2023-07-21,37.58813857010638,81.94819085059898,21.25258823294443,11.426527125782714,45.310015815608416,121.54055963545392,285.1779009570019,77.4027576703985,119914.17886393605,4804.221290107034
2023-07-22,39.65650088268213,81.58191005762495,20.59412152941375,12.269759433543571,45.08051488182492,117.49524135704462,282.2172449973212,82.98188745447189,120015.91098144026,4658.299448806959
2023-07-23,40.47374606668681,80.98355405766533,19.87646702072878,12.923769601150978,44.73898597377328,115.13487878468977,297.05779139542324,75.62955454844828,117357.38878933883,4772.382531604867
2023-07-24,41.688991864300554,79.66360282932352,19.254257248694838,12.753192438317233,45.97136846132247,119.05759039720161,282.93966692487066,79.56025872125622,120875.32179325858,4769.75957277042
2023-07-25,39.77706532644464,79.97469099724725,18.552835316966135,13.445789187790512,46.61790217976294,111.3188000876668,282.76428188609424,79.78775769754175,125350.99483834575,4723.543033397747
2023-07-26,39.848858820116895,80.58593859148212,18.871096152167432,12.475914350414596,47.23339770216534,114.38434327080878,288.09913871514686,78.96152596821851,121432.14577095234,4882.664457537017
2023-07-27,40.17937464127743,79.69747657327436,18.986164591365256,14.332551782249288,47.24101904477502,115.90423918282366,277.5002376255332,78.79450773461258,121059.34378558969,4762.989744057437
2023-07-28,39.661701211733515,75.96333861105133,18.49264906701689,13.77831660354582,46.67398342486222,116.59403284994302,285.82696562289465,75.9314112564512,118664.88370340905,4911.758430673335
2023-07-29,39.281511954823436,76.19098133506256,19.369377521114973,14.041349120185407,45.7108627859568,112.93274216194611,289.40047746625254,77.95912465440158,119859.08546877238,4686.7118543396045
2023-07-30,38.836276482257645,77.6990524023504,18.364961127002385,13.439822496768496,44.458627323092344,113.45920676256982,284.92610083968594,76.38089520966456,118960.56768707033,4957.104592447415
2023-07-31,37.50755219985215,75.79238575811107,21.062871531341894,12.968073611355154,43.994216082562836,111.44432762988693,286.23353264094146,75.11795219598204,117161.2198056973,4725.759157972707
2023-08-01,36.35718416431884,73.47407042511014,20.05867421379967,13.545681341317454,43.88666395482581,113.52845334091091,284.1863534336422,82.10222561019232,120025.65602343432,4822.293835576257
2023-08-02,37.72191529393033,76.99694359012891,20.897257563801162,13.587110269217858,43.77278731784755,108.88682875151758,277.8626467151709,82.13644416023722,119474.60287118587,4864.347831466431
2023-08-03,38.18992128829433,74.65760416313326,20.80110255459256,12.905579156247596,42.1018290325555,112.11753130353449,292.27772986376766,82.25179787692078,120227.38267144871,4740.713934426161
2023-08-04,37.77683554765716,72.31910197288664,19.684652405675084,13.131041147615514,39.87049775334571,109.35133888699103,300.1568095772095,83.90882935868937,123901.10874926606,4825.255139197677
2023-08-05,38.05550690556298,73.57265468587161,21.162170451464377,12.71684079384855,41.07492204768308,112.94917631340697,289.3087020741018,82.40743479169262,124473.36089630918,4628.791073462421
2023-08-06,38.80375224022561,75.31871361763784,20.037409393484882,12.027224180411842,43.21647830143371,114.84101060799482,288.8473438611538,82.64559558749454,120260.94993521264,4870.569552878455
2023-08-07,37.22289515158126,77.24254078668824,21.370822715195867,12.310643671557047,43.023466886985666,114.11902265382494,292.3032098269655,82.47210716141707,125813.2255816053,4791.4484598498775
2023-08-08,37.25907310655678,79.29849783818435,20.802314896934075,12.801755271903176,42.862035850592186,115.14308155269205,282.0313878265376,82.9670046679857,125519.12412245745,4719.472330049107
2023-08-09,38.081566467358584,82.00617388930321,20.69934113772834,12.432353804099936,42.41058831160969,114.76821340657213,297.9841419443796,85.87093942445965,121834.93809999783,4762.086359711315
2023-08-10,37.126283585750556,80.32830605625279,20.465375460663566,12.85822588062954,42.4647926933535,118.94528185022033,289.2698165341572,83.97879517766916,118801.02620201903,4875.340791270807
2023-08-11,37.74130106002721,80.44002587667335,19.823110926277682,12.135288775898797,41.60507635872738,117.94271074775271,295.4103448338366,81.99201340660927,123138.88091777852,4693.948944412037
2023-08-12,34.244980638134116,80.47595840411141,21.032287310975743,11.87154982891535,41.721014133637404,123.99504368132436,282.6555432860277,82.11922092937307,123465.99806346283,4710.736918584969
2023-08-13,36.98605481475767,76.32168511333109,19.925472572303725,10.98664391994108,41.78341472109353,115.91070361498325,297.1010940030734,85.51847306579154,125062.95734332752,4828.938457091159
2023-08-14,36.718060043144725,79.43899221220505,20.19394509838119,10.10012932614957,43.43885423747051,120.84595876843083,293.24281113788686,83.034882613003,124099.83482906663,4730.234500055862
2023-08-15,37.447308721541994,81.91146460245655,21.15399552170915,11.164497407975347,44.04493895636848,119.87065856840931,290.76270150613226,82.69406794053423,119568.87512437276,5053.885799219307
2023-08-16,38.16124860916007,78.55160280412314,22.125326561839948,10.370023646220405,43.170666920833796,118.76781161056925,285.5731039161658,81.12917801488042,124821.9993096006,4816.993023119394
2023-08-17,35.301708970065725,83.09688033323724,21.359376693267365,10.875993391222835,41.90330602165411,121.7366367211926,282.7498828473879,81.85329755748042,124825.86416817429,4939.141041678436
2023-08-18,36.86894033446758,82.63700034108403,20.095228776973507,10.778611986607604,42.474310875929085,119.43592680525695,288.8031489686435,85.72063204404107,126533.93443170394,4876.264057356365
2023-08-19,38.15604209908919,79.85515814557563,20.288018745048177,11.219733028383304,43.7318726366565,119.45049070537672,283.42992824255975,86.00068032348797,121939.76944529456,4767.776329153124
2023-08-20,39.41489312533033,81.91595151442824,19.971669279748234,10.591195362588861,40.89727255094502,117.7030989929925,272.41564717753084,88.23068428971034,127745.39127869374,4865.901455280406
2023-08-21,37.25602287841799,84.88017510465859,20.599559496341328,10.340780759232658,40.3541727596308,119.67550522748108,276.75985072105937,80.12303232516595,118135.16234617302,4932.141545766898
2023-08-22,37.521524621685145,82.37206261446057,19.750998503094774,10.543724576490028,41.833693875202655,118.11029576566682,279.6624337052131,82.24751079013109,125425.84520080037,4853.043381022127
2023-08-23,37.4258722859915,82.40231452581806,19.043924627076688,11.04569514554306,41.21118122524865,111.95647223178666,280.82486372606996,82.4135156207227,122750.97354016188,4996.434701756382
2023-08-24,38.701708089502375,82.35969649704671,18.564550723457742,10.712781454600062,42.95945687427489,111.83015647084667,276.64535547736955,82.69197775500686,124376.10528033708,4984.995172313009
2023-08-25,37.273957836189986,80.44690882903804,18.12276847003598,10.210379079065362,42.19409531493014,114.35095109325185,283.4748437609115,81.89495866669616,121972.19906319864,5018.062208850201
2023-08-26,36.58081002819257,84.72892678550775,17.069524128923113,10.001055237972489,41.4695178761251,114.6453731752058,265.66511995702524,88.90684289102694,124473.07163735201,4824.150377857087
2023-08-27,38.23251252408587,82.52069308466133,16.44155890961337,10.57602905263484,42.520764115990836,112.58582962714333,277.8507716572614,86.07084274963688,120884.14812942056,4747.975551746729
2023-08-28,38.23663345125943,85.27149315794058,15.921379013453471,9.704054665653286,41.20223008779906,118.11044940016562,268.2950227963862,87.61109944519501,119322.31854621053,4766.727314341049
2023-08-29,38.37557723828145,84.11908017397596,15.503936556724346,9.146529749580624,40.92354110909362,115.34344592373208,283.23355474534577,87.60653901810069,125664.1824384727,4831.157503696436
2023-08-30,37.11700594428997,85.08386399945627,16.182834946015547,9.60213813736072,41.42476447778799,119.10430493469781,277.2583384601401,90.06573814602697,120984.14282038144,4797.52840754674
2023-08-31,38.262848306881104,85.86428698779666,16.56381199192649,8.922837068439666,40.24271076219073,118.99631022522121,280.5789156337136,85.44481647090934,123406.70110158411,4570.45238090083
2023-09-01,37.645671697200406,86.69837089318442,16.72931870169131,8.269157381534377,41.829307940183064,119.47660924072463,275.3973454636824,90.84250738941154,124636.87756394033,4776.161854705775
2023-09-02,37.17537049181949,84.23746365168829,16.1663206688924,9.170766047435523,40.14129268548638,114.12594574162547,290.0129991579985,90.74858164844515,120061.4268826097,4783.034211010509
2023-09-03,38.34903192024729,83.20100690770163,17.201726970740115,9.11600222613942,41.658834189968125,117.61516033276366,288.10291264818176,87.83833194303449,124418.21819809014,4719.722643307366
2023-09-04,39.44077636367547,82.37905423036213,15.777159180301872,9.073999739324075,39.82570639491239,119.35795865778586,280.58039156155235,88.91780045352515,120469.07739503928,4906.894501316442
2023-09-05,39.421259556285754,83.89068202696113,16.778568070065305,8.973433931782452,38.32122046146887,120.24352171577547,274.7749292525069,86.2373985897154,121787.07694475312,4791.099932797636
2023-09-06,40.7763234756036,86.41333390786932,16.972203257374687,8.960869241732016,41.1194774059739,118.03111441085778,277.0605918597244,84.43546086575716,122246.17807313977,4906.167052491027
2023-09-07,39.7806686425664,87.38984629507603,17.552821710354255,9.40656918290453,41.132094644673394,113.91748858162275,267.85225383580166,85.40782755135531,117076.83551993163,4733.35395997468
2023-09-08,41.230927772771075,82.41055545894454,16.127894958604333,9.281859371379058,39.97775412766676,119.10849382016606,278.6396635864639,86.56914989513503,118669.67333823335,4880.328438964368
2023-09-09,41.933353876541275,85.11325942520321,17.686546848580445,8.395019007561812,39.234781007352964,115.0213034896687,283.42360793790476,90.63780010864139,123638.90721322129,4946.057158251496
2023-09-10,39.800978334434575,83.71735674948268,16.490721042077855,8.030800913743168,40.79960499047405,112.69999585269669,281.5077285759919,88.38614307040133,123077.76340542124,4929.6627839871235
2023-09-11,40.52425777366906,81.55571266787585,17.85618839761806,7.960518682445099,38.03727661738401,113.81456725032375,269.9407848257291,91.22995286532674,121288.84757907073,4641.048916946911
2023-09-12,40.84278252504617,83.67158182902922,17.354748776682115,8.092335028379754,40.98558612117414,114.36727356547385,277.06521649658634,90.44668188933471,122207.48021659534,4739.01107674647
2023-09-13,41.715060427912064,79.57608802826417,17.676814575900806,8.047023007705281,39.21255133433808,115.64348671745438,268.3029169953378,93.30971787986908,121795.40877064981,4717.316803132021
2023-09-14,41.294253332144365,79.24552563395724,16.66679935721385,8.482072735207634,41.103103364243026,111.86089216637951,279.8421538109442,99.65892998526967,126126.92658069672,4811.649624241013
2023-09-15,41.98638278213205,79.04540716657417,16.392968429654587,8.827833424297658,40.62986726546262,118.35137996882249,280.62800190753376,95.28161935581579,124203.4144787589,4868.2885427785495
2023-09-16,42.6884404314393,82.7828098532792,17.109687068398426,8.858308414485265,41.508947285150235,117.96879952734275,268.87339884313934,95.11278515028184,125413.56598659758,4692.961877304584
2023-09-17,42.330487288190625,82.6766235737476,16.468683807684986,8.159745830004475,40.63398090019198,118.55558858968281,268.32082028070954,98.38520663991723,126330.30297246964,4751.9733845010105
2023-09-18,42.72842416405657,81.65361296285923,17.517892572088478,8.353291368647023,42.41342056031417,115.52655582281807,274.42394405049504,97.43787599142489,122357.40399250248,4581.745887846929
2023-09-19,41.93899879021602,83.27068412484076,17.72661327923852,7.312305284942463,42.5941092778637,117.65940141449292,277.20283163885506,94.64077785390276,129010.66452610795,4943.9936567362465
2023-09-20,44.54002105437489,82.95663036057236,17.40900079612241,7.9300030071138465,41.93974899089858,117.40082604185915,271.6152029358433,96.16621269963912,119321.89776647689,4789.167582092434
2023-09-21,42.1012668813449,90.29474793577049,17.298151536371225,7.506368112295386,43.60023551185496,116.7772685609704,279.3440830217614,96.26752937390116,127872.67272922468,4866.378340514221
2023-09-22,41.4627815471395,85.71607530000023,17.600629011662306,8.0157069461274,42.780211259848535,118.06584958430084,277.65522284013775,99.13558633920474,121919.08425134518,4874.129570274968
2023-09-23,41.30081088104097,83.9003153398109,18.91861528520567,7.6396725684323785,42.86818075063025,118.47448096348727,276.07726214226676,96.66672408840846,122990.10039569373,5038.780215672922
2023-09-24,40.75310726559252,83.79024499552217,18.091721359199354,7.138028302468634,42.43812259212941,119.48425505439299,273.2362597000071,97.32007609511132,119145.12560689307,4628.292714565652
2023-09-25,41.570868473027325,83.09626834681629,18.268219070280136,7.513872942422959,41.37750169264504,119.80808616872663,285.05768785709455,104.06763386522881,122820.67149413012,4891.2411944181395
2023-09-26,40.54547503615222,83.0300208001167,18.22109524136332,7.9797307600279765,43.59772944281568,121.68933034761815,287.74550414916945,107.73967776988694,120598.97525358436,4897.239371765242
2023-09-27,41.63371544170887,81.70659522766715,19.02144219504025,8.568752817266645,45.500077409718465,121.37030763641924,273.2865832832479,100.8152156567631,121430.03428694454,4879.639523480768
2023-09-28,41.841724998428816,83.70621072908794,18.82796270061296,8.497662689613227,44.40473325680928,123.65705934651561,272.84552725245385,105.60573529803189,122595.76805957945,5084.777564492937
2023-09-29,44.24310177521145,84.54342214674739,18.769936048261208,8.43814075834965,43.79419114798489,120.4763498245404,280.6956544420235,100.61375510414653,125447.58204329714,4791.217342002463
2023-09-30,41.13364835315697,81.6868466298945,17.38458439372514,8.48772972565965,42.76963643203996,124.44722817528421,275.8438322463335,103.6842981620417,124057.77303412225,4945.315021971303
2023-10-01,43.54735646681827,82.86686071655335,19.024997567878064,7.938696118286544,42.221836234710736,122.98310262231004,277.3704042300388,107.83575260487784,123205.63330753242,4866.616734564226
2023-10-02,45.41320103508435,79.52794026529219,18.547527140446682,7.765733667174272,43.792860549853366,117.90210166324242,281.0587365417537,103.2803557618369,119069.81521449813,4924.153416120704
2023-10-03,42.89326378392084,77.49482334289722,19.32440029711121,7.84264387765184,41.95791498567023,124.83237438901014,268.53225073412176,105.29644111481377,119478.74390590584,4734.727012462029
2023-10-04,42.496047838882724,79.00616168981632,17.842290826821188,7.452221185817658,43.81514235665246,123.76036691500761,290.23544196188107,109.05582298531033,127091.48757541143,4730.035294478576
2023-10-05,42.443361315679724,79.93338209079066,17.732580162657488,7.019818103861296,43.743641258133685,120.64136236759546,279.7560465418888,103.49691647375735,120623.77740401526,4921.276961058108
2023-10-06,41.45654823690463,79.76672020511154,18.30065882001765,7.9229269344541295,44.16890675430364,119.9842879299867,274.52244843310996,106.10978310920558,126475.57673502227,4882.854861826056
2023-10-07,40.45458861944432,74.71594503180302,18.035821221001616,7.419552605750504,44.11545684840501,119.76714800398099,274.7889427328356,107.10109513905242,121953.80179681571,4699.895654941977
2023-10-08,42.20706132690392,80.07106051408785,17.602146015649218,7.379914596826316,45.06078765925853,120.03120713687734,276.38810997261186,106.3823807768728,123385.30921952045,4785.769163560837
2023-10-09,40.59400633932723,77.58971902563475,18.2197110686209,6.690588460862912,46.65008965289537,120.22142610162393,270.1716607242578,109.80171248557646,124704.8350596924,4900.776025642513
2023-10-10,41.8085721952637,77.93173938324213,17.344338052383247,7.16926195976713,45.13822806400331,121.3830850161419,289.0153172331371,110.93554039241815,125527.17789848126,4969.155355477026
2023-10-11,40.01245753247562,77.28963167997887,16.741453452665468,7.770369027337399,43.863237074821875,126.17922215621104,282.35135723304523,108.623809972597,122701.3019621017,4807.018602616059
2023-10-12,42.18663412643145,75.83041287598412,16.798231299934823,7.910576924340198,44.64171907603607,123.6049200736925,284.0494315586088,110.0659252205048,122373.64008655207,4653.766056258908
2023-10-13,39.30974241384414,78.97722217583721,16.715813025490164,8.546047325955728,45.04573187226872,121.67163840957348,285.2425965869652,107.28769239000106,122610.54750256633,5032.963006530746
2023-10-14,39.67063365986725,76.94579668015754,15.508525184777636,8.928646245602675,46.29841477021289,124.624861460277,272.91167128820047,111.24678676702841,123731.62998885511,4858.499325543257
2023-10-15,40.585920795584606,73.72678189471587,16.333284464916204,9.275014192335739,43.65105433535692,118.49820139843645,281.33600812593005,111.56067580386119,125256.6992858435,4777.747579209799
2023-10-16,38.582134774399755,73.95242215228453,16.12184983276177,8.767403688726882,42.89660235737623,123.39358886076398,277.1160908194247,113.11811820045071,123976.13423036947,4712.015476072313
2023-10-17,39.04279191591912,77.0938535680723,15.40427089801871,9.2400556926517,45.11913174230283,126.68779532241543,284.587468330163,112.96683507070554,125275.19041696428,5091.104713459132
2023-10-18,39.79913728613102,82.24152203091548,15.508623648550644,8.783893493416821,44.011546681033835,122.31494964870826,267.40721917262846,115.26154873301562,126990.14515552472,5039.465504031562
2023-10-19,37.42830482976739,79.9997041329203,15.753205534589213,8.975347292875941,44.54720937469726,118.7635729492293,278.5706157064653,114.31093135365867,124623.50564697607,5041.491836732666
2023-10-20,38.07056209056492,78.36779011581278,14.51387157019039,9.212063894258646,44.26362980239742,122.5318373244636,274.9490370916168,119.14026391954197,124853.37174637523,5167.129051053606
2023-10-21,38.29470189336536,79.631703014147,13.831986022204761,8.951485405708228,43.70604124446406,121.20044623245603,279.36201458237315,118.7468302411214,120267.63381176846,5097.79936749034
2023-10-22,38.94820666917303,79.7624952057966,13.027702909529848,9.284565040483402,45.028445838945785,121.98068272393769,278.78670957792264,117.30633281580484,118057.71403313844,5170.004191020309
2023-10-23,37.54037843591463,76.47213268731048,12.05230395591198,8.961295630343741,42.022620049775135,124.06839969783789,275.2092532388715,120.76610532993982,125872.08861518864,4899.006179403942
2023-10-24,36.14264173282893,81.35385021333502,11.484298663213396,9.092416824591332,42.43591990315626,120.59996839256397,274.7158942969225,117.01019547498352,125638.95318545082,5028.937085232616
2023-10-25,39.247765255885895,79.42260529946675,12.800374139296274,8.774057664379123,43.65594000021825,123.44654855866989,279.98094972233736,115.60113748831607,124937.82734774493,4839.061650051652
2023-10-26,38.86665873954242,81.71620970082425,11.897803474002968,8.263513204228051,41.11044771397204,124.8433823996392,272.1760300012551,114.09577578456857,126176.69441464033,4977.354765690243
2023-10-27,37.92380971111211,82.86061176436762,12.07745418097036,7.351553127404945,42.60640992251056,122.60428491378177,280.05917429261063,117.67715637534765,124676.88095755853,5003.770420758297
2023-10-28,37.63140323984824,82.81859077848605,11.789582550510675,7.3154227935253795,44.02550913335773,128.99111863256874,272.78612929649114,119.70297015238478,126947.68782942368,5140.542417717779
2023-10-29,35.11161217755086,81.04100252993972,11.401810338750325,6.946134278706564,43.291120044872564,125.82712269449611,255.37448819241106,116.65128849523603,125234.04759176214,5060.51820843767
2023-10-30,35.32749295299852,80.30979073490904,10.82207570497229,6.7685089820454,42.85053452583306,128.71101082374312,271.2224481081007,113.9584059934916,122791.49716512271,5177.030286247151
2023-10-31,36.00853233203071,86.68195021816229,11.895013227229109,6.554501917533428,41.734412423720755,125.48145504908845,266.6175469279421,114.86206396129336,128058.11086345557,5161.356477150048
2023-11-01,35.43995693356271,82.93642918594004,11.50044622758798,5.955967097084293,42.752188362036385,130.31167877518726,262.53312566924825,112.29427850499427,125079.16183032557,5314.38701332856
2023-11-02,37.2517582698265,81.64880711774633,10.697149854272775,5.637920864105434,43.543198682190074,124.19935508140192,260.83121260373224,109.95763107334896,126321.37734521732,5091.143800819534
2023-11-03,36.027247539735846,80.91875916091156,11.47955819137694,5.631266309714032,44.19038305206066,129.29205403738837,268.49015434830125,104.88517625633058,123517.2861196854,5009.357855528447
2023-11-04,35.24609148383107,82.88818424429721,11.492745422759493,5.88906979132365,45.35053939544004,128.74706260986468,273.8057685696168,111.56522681993123,122870.43688833897,5128.3544018110115
2023-11-05,35.68872763869839,81.93782231161563,11.48544254765694,6.021103585399613,44.13855335755629,129.31525142584385,269.68322188198397,120.13543500352098,124735.39549971145,5068.022664075176
2023-11-06,35.24336203130441,80.42527332856322,10.273625618719246,5.302796800223329,42.594373087147595,122.90166624569974,267.0575611682048,115.47962513180846,123636.50488414927,5244.189385217631
2023-11-07,36.262398283442494,79.84557582446122,11.73598033658679,5.08359754321542,43.31587602304082,122.98543192745927,273.04550527429865,117.30614976825024,124562.25595321567,5054.306622318463
2023-11-08,37.7410630045473,81.30391644319457,10.5278368456791,4.605732006727685,43.2620249498199,124.82276925345627,267.18176388641996,118.66449656602617,122747.32996406229,5037.974214454363
2023-11-09,36.15967460263131,80.5208509801049,10.348938951956878,4.499811888215658,43.17437243629941,120.6093122678788,268.45472630827715,119.48244079708188,117773.4539794321,5090.718914230809
2023-11-10,39.19253340813675,81.65654449934776,10.892945250626862,4.836020642736493,44.90332626063735,125.47830394047982,265.04477900965173,119.94562582875793,120786.6085070479,5239.8660072181665
2023-11-11,38.89309474857411,82.47765478043651,10.611719053231884,3.5315558781920755,42.73379925448535,118.66558310479525,261.43865288046385,112.2346692286145,122551.62506787114,5164.749287108345
2023-11-12,39.3149809505121,80.54541895149019,10.258770970842187,3.1052117027313435,42.64352332650536,124.34636578068265,267.7129116889181,115.86995378366264,120180.94991033184,5051.539901966264
2023-11-13,39.81805844694274,81.24842321104164,10.643496394535099,3.2482709059156685,41.067434796901516,119.24067080723177,268.8400676136078,116.39558498249173,120597.42117663637,5351.854874133248
2023-11-14,38.53414312048414,75.90936187765416,10.050335258843262,3.5776266517869906,42.02013273633348,122.61818953879913,266.6405127359314,116.99666793014072,123952.93713410452,5130.723238335325
2023-11-15,38.46593831003179,82.5044392943819,10.536176178645723,2.9445539240263185,42.75822137387303,125.39097873408228,264.50060770425955,119.0807029154016,119928.90714686034,5240.667314470646
2023-11-16,39.56424693237905,82.72405535149312,10.014372587853511,3.536557924022229,43.675043158325664,122.42506690059487,257.56334207009525,122.7126368074139,118103.51510328201,5291.979847313582
2023-11-17,40.49755666112895,77.20180046699187,9.107097289950072,3.0678770908032535,43.54556262535798,125.00564917260076,266.3364505651097,120.06814708834149,121237.01850156632,5042.202430315517
2023-11-18,41.67639278639851,80.56435792071893,8.968837391837281,3.4141662768719057,43.440301443828425,123.69713140873408,256.57008185726266,114.16082526972824,120068.08039114864,5261.8414592472745
2023-11-19,42.43199605232628,79.54667563953163,9.45343810566687,3.5749538631345814,43.452971367989704,123.47502465263116,266.6752092151457,119.1979722437593,118481.23319789396,5133.94946772967
2023-11-20,41.772656454260286,75.78504809350805,10.027551694397253,4.580011437039498,43.132423812661536,122.6186161497311,257.78367712668506,120.60458766662468,119543.08921295276,5311.443084038859
2023-11-21,44.024391138368415,77.02563594297577,10.354263286317686,4.051231760586167,44.84051005027695,119.43379609889539,259.3593743208832,121.22828931536782,121847.11496698616,5112.261321706671
2023-11-22,43.51020991547044,76.31023321475605,10.72298352934602,4.7210344024980575,42.08067658143701,126.6333138219186,257.13831470653395,123.26218936574955,119317.0466376469,5275.6266347341225
2023-11-23,45.20328201909771,81.5721702570716,11.25161849216043,4.380719339122032,44.67085785562972,120.10464488770167,260.8152228947959,122.09915835970013,121214.76038391805,5320.000857600383
2023-11-24,44.67385173481845,79.56733610274853,11.528077663349164,3.491472193808128,47.075218303187036,123.55618482693762,270.4014938518099,127.77642502283074,124959.38721492118,5288.279560347379
2023-11-25,47.99162997596807,79.51663760573463,11.885431478217475,3.701495693598973,45.66990968258052,123.48084375043076,267.4868307403392,122.52826527791055,118433.9716792992,5228.520178325732
2023-11-26,47.63681045593021,79.70362722885639,12.264843600369685,3.6605536531400253,44.39585455759265,124.57016314899619,267.32181518867594,119.39620434080862,119815.6790634139,5203.515623260257
2023-11-27,46.558635446870994,74.0819961884674,12.087805890297645,3.9051253067092078,45.2918569021277,124.00075315196244,263.3109780503326,123.1027802583284,118923.55041763505,5210.512415154546
2023-11-28,46.0866299946252,74.12829339058048,11.950449749267532,3.842414170243511,46.58212912024968,126.17319496488606,256.1655574513262,123.13712800320525,118796.39587435566,5354.188413273381
2023-11-29,48.29446296772512,77.63381571149235,11.777237442738143,4.654386243807852,48.5291703264572,128.1998557151507,257.2790937428225,126.38302368408867,119753.05538299095,5167.778285896709
2023-11-30,47.964723556610785,75.86577304225476,11.06252627628458,4.181781154957424,45.43632290644177,125.72565445300242,252.6170331110319,125.61779163251364,121020.96370743292,5138.562444421936
2023-12-01,48.72709800401455,78.74724898238067,11.379063385206411,5.169259079233075,48.0145125534225,125.57224432765422,261.4510534585335,122.96102114708712,122464.40575570826,5324.215081914219
2023-12-02,47.96757283618873,78.09314103204542,11.07486604900337,5.110719878210132,43.7995999840353,123.83505567626291,251.93603589246655,132.1195952450078,127537.75760506805,5128.312138361895
2023-12-03,47.04550045730401,77.98000388733585,11.58998001579701,5.695255085595144,45.20501124159823,120.80609418432084,263.2883442040197,123.9745776234856,120540.14489662333,5117.408604746335
2023-12-04,46.75016622064311,80.01840251567825,12.033214764163816,5.769435811429426,44.908366294920974,124.95435291480052,266.84379569023196,126.72015218515276,121519.35128342135,5052.971809715062
2023-12-05,46.08455217718804,79.92479841054829,11.641424692340404,5.677127249482711,45.510034134248954,125.0445153208789,270.7261970890777,120.05296793810275,123209.46684186153,5120.967471991391
2023-12-06,47.791842403644736,78.28155472281067,12.484615595391384,5.357964847337378,44.30683651814279,118.18929066924078,260.24663217667285,120.02604002912598,123652.57886308049,5180.433779694559
2023-12-07,48.87706517895554,80.05173520798947,12.683786517741293,5.117740185456227,46.19381162134595,120.43455364225674,267.2948624427356,122.35569143877315,123885.23333934341,5180.384257245132
2023-12-08,47.4046297927191,75.46756158037161,13.485588528572334,5.339145627818144,47.88477668901892,119.02122860422413,274.05564573926193,123.06203617698715,126466.847686181,5273.896533600204
2023-12-09,46.98002859795542,77.24604961685468,13.508277927613552,5.8088215478453,44.762433864636115,118.92120802248222,258.2234641538452,122.34940097516595,117798.23633645696,5236.4153438324865
2023-12-10,48.16362558203784,75.06681814524353,12.61261283148222,6.054839311971359,46.30828275785771,117.5455141264071,255.69092985588532,123.58073217815048,117929.35952357035,5148.841385040227
2023-12-11,49.07897549084142,72.76696240797449,13.679445601714525,6.284549516586765,46.182434780393464,118.84531964650704,255.97752106985934,116.5410271817198,122652.2938885506,5155.680328254867
2023-12-12,48.49035922439628,72.9806858458497,13.653743927218375,5.613861638777503,46.8707323834329,121.19382110168831,268.08478770633974,117.18312295793531,126470.4517066064,5201.982011827158
2023-12-13,50.52846782343013,73.00329871067659,13.86542323331176,5.106747195451805,47.12445276098941,118.09239302210837,251.80790351966087,120.80315240169887,120609.65268112517,5299.037665979953
2023-12-14,49.7673992981117,76.06328031144209,14.372765975731552,5.049714206254584,46.749170218011706,122.95332906458003,258.11906775919005,122.5634155659475,116607.96334630254,5181.763653377265
2023-12-15,48.28530636149721,74.45211215791342,14.843610712800821,5.272425073330973,47.45192447438996,123.69609436723366,262.4608715907804,118.47644000661757,125329.5423185323,5109.626709520369
2023-12-16,49.77087635941323,74.31452017287732,14.230318195353808,4.452838743277768,49.05827352851471,122.17127134273231,259.65403820941214,125.23377583295455,122907.604208679,5039.051811376712
2023-12-17,50.38134126136334,75.7732748984396,14.201589457962932,4.606546414995125,48.3958569258891,120.80836127607793,259.1302037806648,125.75824108463058,119661.31235269643,5029.4522326628
2023-12-18,49.95016437638385,73.36454736086502,14.429702200681348,4.9467181119410535,50.20268537558393,123.12012091160067,255.59215277857342,119.991630083691,118846.10676579183,5306.753643871068
2023-12-19,50.61991600580198,73.14848876991896,14.310989025707595,4.786119864739406,48.124619402781015,118.01853176656721,258.5765844312283,116.71749336557747,117619.23419523849,5322.062162651594
2023-12-20,47.75144152688653,72.83964279858125,15.4492604732947,5.378399492736318,47.8219057260043,115.36412447775862,247.91903435991907,116.63580974257553,120758.23722041846,5296.703869678645
2023-12-21,47.67575518062453,77.15444744841238,15.668690594127765,5.181653834497539,48.8880263184995,118.9589021294387,251.9009612859427,114.1169049888446,118580.03194646162,5243.559409300577
2023-12-22,48.145861303279716,73.142483824057,16.09757053620192,4.881627599928784,51.23673697251798,117.5502959899936,249.4462537239162,112.61220459232592,121031.55319236832,5406.452576112996
2023-12-23,48.387545399905605,75.71380633940258,16.45947140944134,5.231436184149975,49.99659401884732,119.92922349564434,256.82889136464485,119.81642596656165,112629.75333818648,5187.861280252198
2023-12-24,49.8650642234413,67.77273214985989,16.15398022870243,5.088344247165743,49.144071313037465,119.47782306992104,252.7196013634783,116.37114452161002,116001.2495208032,5338.800687281842
2023-12-25,54.327394881018805,72.13847165890596,17.914988036330854,5.444511834267804,49.345794113306276,122.00254841621305,251.12803447159223,113.51533153973948,114219.61848966047,5224.570941506672
2023-12-26,51.40454760470685,68.33283673028274,16.65416532345371,5.714443506145823,48.34470726774216,119.39900972674084,256.24858616456265,111.7180021930269,115165.17537812595,5170.9968168281885
2023-12-27,51.83019646479642,66.97126521039468,17.20186901625491,5.556398926389351,49.46908909074826,125.11227429340727,242.19381381986787,110.4926074824674,115634.8989848055,5348.200465991237
2023-12-28,51.039691023950006,67.0656606909666,16.60037202479102,5.857687223067682,49.94256606042746,122.29236022822363,259.5879692438741,114.75299362633066,119159.6202269036,5375.961028507448
2023-12-29,50.26671654240468,69.42008571874733,17.648630363203473,6.817740127249079,48.88024364498942,114.4310707257469,260.4148786411786,109.62396306089403,113224.4513114451,5380.772340265711
2023-12-30,48.45725123460677,67.11848399837797,16.80821892885759,6.543825496609044,49.51441862900122,117.52296224236021,253.59717375417273,112.59754861679839,118333.2310285504,5340.855634890834
2023-12-31,49.154021182904366,67.2696694403005,17.025625439641942,6.094679906432621,50.16751163133931,111.51957787826004,258.99791993392785,111.16755477564287,119258.32089398806,5316.653511783747
2024-01-01,47.667277357135866,65.30739587983757,17.391169395345848,6.5444696724161195,50.00888978226631,117.03043706400153,240.1020371153849,116.84263867783886,121723.3536492641,5546.6966258124185
2024-01-02,48.85793680877019,67.72640504225085,17.476826183185874,6.953360429337641,50.22013618068838,117.47468385938174,245.21730207766564,113.36954196482709,116998.04013345297,5426.87725305894
2024-01-03,48.65818985984915,67.63144120926445,16.83011039264677,6.25465322615407,52.529444999068176,111.65161567474989,247.46112288740343,107.13716091472531,118231.77984040279,5316.327764504513
2024-01-04,48.89290685513534,66.38925417019472,18.162237156154177,6.270405391634776,49.815910976820966,115.38263599168312,252.57480141648173,107.31410881727602,114276.68770371286,5275.428401587273
2024-01-05,50.62115909042557,67.08304821373393,17.17615885309509,6.149585197110075,48.72619816375216,121.36184712266441,242.0630310871076,108.22115041541653,112573.82111834767,5317.0399253109845
2024-01-06,46.727015842536886,66.34422016311073,17.893479150164556,5.2102447676316235,48.392504493530105,115.75357886658594,250.5999262655102,112.26648729782416,119701.76474508047,5199.6236645865465
2024-01-07,49.53293688813278,67.5743441145467,18.02312102860215,4.444182984803752,49.68313727063559,114.12171776243726,252.35684402352555,104.42659388197329,116646.82002172877,5117.804275777009
2024-01-08,46.925891433582706,70.64193237027996,17.82811793716889,4.843768029173439,49.26080520819433,117.41330544424846,245.09409339106233,102.92470407524385,119548.5573595617,5097.432745950657
2024-01-09,48.47951724458496,69.00397055749544,17.431381226205996,5.016688681437972,48.40880726462852,118.13393200449039,241.91900157621265,104.68945859593477,113688.83304003677,5111.1431744118
2024-01-10,50.20909373843966,67.88894771395914,16.904047539334805,4.34870431550406,50.15954621231757,113.12556147566222,235.25476517466106,109.9764618082023,119971.15581826218,4763.816886120294
2024-01-11,47.81113516481832,68.75651905111884,16.196054158965136,4.716666332161634,51.79048108839504,117.51214568779476,234.85248938576765,109.44647918686022,123861.22919218882,5098.339133682273
2024-01-12,46.99631499761566,69.1886946178044,16.864660821742497,5.855569627141391,49.79200247510561,119.03569055767272,249.89141617975824,108.06658759552678,121410.0534803899,5055.75985512399
2024-01-13,46.651388578979066,66.1962468405091,16.893649470062513,5.65537477468086,47.851678047511086,114.19414808500738,248.96378218378553,100.17874185139144,121456.50370075644,5277.407200508234
2024-01-14,47.15289608612416,67.41678075713475,17.055336319191394,5.867682951843784,51.97901349350848,116.87103466475358,244.10451665597157,95.93679576058535,120967.33594402086,5057.0297588867925
2024-01-15,44.97601051838706,71.10032336391932,15.776603930144683,6.313513907397865,49.953915761679056,121.28001283589938,243.24809665106437,99.79463871551873,116125.34650469867,4984.859047350899
2024-01-16,47.19438828777766,68.94392311420378,15.321916830332553,5.6068692344302935,50.685748741694994,120.0760772006848,234.91983398656313,97.29620775145625,121023.71814608772,5138.65704967324
2024-01-17,47.40201088815067,66.45604347893433,16.21206189051763,5.187879790890398,47.666204435666415,119.98949161999465,236.95183801943412,91.36120135060301,117216.06504451662,5078.961284614479
2024-01-18,47.49134172199383,62.23757447778854,16.8924614140353,4.684938929144065,50.96296550654138,116.47383865051303,253.70940722612173,95.55035620230781,119000.14918967498,5216.632775265506
2024-01-19,49.59344291404551,64.40081437512173,15.614245582264475,5.169918699002046,48.379715745484226,123.21558165470314,239.8816226469723,99.12960342318357,113973.91069826018,5192.60196334994
2024-01-20,47.80967987085315,62.691720317092575,16.178679172636414,5.464969793336095,50.07674405129269,116.76066825035198,249.86889145978816,99.93832016603027,114692.59470882006,5238.444047771696
2024-01-21,45.563586147866225,60.47370473509105,15.783503655563464,5.724140942925144,49.43422465144622,117.3930386616983,255.2782944898158,97.10007690804476,120582.95998701252,5092.012650808541
2024-01-22,47.61004973038009,59.310597677860606,15.045829890821873,5.807608043294737,48.62864075003309,116.32616526548972,244.30154442671332,98.24485624531427,116899.19344943555,5153.60764044229
2024-01-23,48.95366491702506,60.82747097310956,15.010491333426259,5.987683706244526,48.83405330586237,119.26926369951708,249.57816069161564,94.95781801014753,122219.15186093212,4995.746529770779
2024-01-24,51.41194122209958,58.49180455543066,15.36694152674553,6.177718180118545,49.97777401068344,116.27821198347014,248.25132570358693,92.34074952680035,117348.39716434157,5214.302887316511
2024-01-25,48.793123584655504,55.865674034229144,15.33008470715534,6.24916821839868,50.323567996800556,113.55962067347997,243.21906872976228,95.89319874657514,112469.46100529491,5154.8751330982495
2024-01-26,48.848889389641116,55.439410169382754,15.604836630313102,6.3524421305903935,51.05605699961241,114.61524872858801,257.7652221316099,99.62173190838848,116982.27221989953,5122.581130217195
2024-01-27,49.46355130429887,55.74168670958185,15.540742245527001,7.191942526888766,52.93972874022905,113.12197399398522,236.3934198123673,98.3596251881181,113307.91767336235,5040.824874159308
2024-01-28,49.391863876203324,55.049953494878494,15.938427949657347,7.14116010871688,48.7440015260321,113.02720695823677,248.0172570657996,98.65104461201749,116660.55519298348,5080.660529118678
2024-01-29,47.96331805813059,55.04181866006986,16.26628561218385,6.33067919693079,53.00715299990175,104.44388428347388,243.89444390727172,97.48711210406695,115441.70556986953,5164.686756039183
2024-01-30,49.45688129244992,54.02129251956923,15.44574542905648,6.658193826847224,51.5138626523342,106.40392770714978,251.18975467726617,100.0482853166389,112173.33739397486,4968.797971736556
2024-01-31,48.568685688927104,54.03661032400544,16.01764540543639,6.427721629090574,51.24383476304608,108.03402587227104,250.0239986725078,95.99209170711494,116158.06200688933,5000.775918459241
2024-02-01,47.39477700744805,54.16305523098978,15.692807778548275,7.0391693536190765,49.87011986121739,103.96612474992506,243.60970051765938,103.59877534684748,122287.3800200587,4892.943940150663
2024-02-02,49.32776131048497,53.73248012953036,16.337433812171604,6.747561152442042,51.13900609062257,105.9116699875882,248.4816991689207,105.47872390571726,117504.32898296752,4894.3168236844485
2024-02-03,48.65648009198262,52.22100068314526,15.941670459974276,6.921383004171657,52.51909999998844,103.8626597722964,235.7764945427201,97.16870402850284,115472.08173804147,5031.501218315066
2024-02-04,47.27752718684417,49.47030845427955,15.849267454609446,6.6702630957312135,51.16705253474601,107.26317288813016,247.70582676941052,100.93119081241393,119892.60600223918,5110.067901111703
2024-02-05,50.331597615453425,49.37327308224846,16.690772754743698,7.217608563726443,52.34726123418725,105.61191827368124,246.55842768623586,101.90705750337752,116614.87749103483,5011.0600414953915
2024-02-06,51.54679827007792,50.69496145038748,15.657683000073304,6.643587863535054,49.068064695828944,101.69437374491683,247.90897347184136,104.93433268934265,116638.6204608185,5004.518361967899
2024-02-07,50.715080489461734,53.3033766664253,16.42410764464311,5.389433024652364,50.660426594047834,102.78956049708553,250.2359556567154,104.06912252479599,114137.22837106022,4968.399314879517
2024-02-08,48.12660420719922,51.25074718606289,16.126771972357332,5.107650851438564,50.2460351653716,103.17965582524644,247.99129604293188,106.47279825430547,116181.61581942691,4996.157140436129
2024-02-09,47.99362533222416,55.03306821211836,15.568267834013248,5.095765648340168,52.02915177658975,102.90226031589063,245.43646007753324,103.95144132640372,117670.8882287932,5113.503393715201
2024-02-10,50.137029248697075,53.4443752787691,16.560624282514148,5.110050374488732,52.608074476084084,103.5069207743756,240.32497445831888,110.49467027712967,112513.30123884101,4906.1434459169095
2024-02-11,48.51130806841139,53.05426777954143,16.546205458792034,5.78099994500179,50.40984791820959,101.6179361670788,239.24216422566582,114.89199240267085,118443.69655226955,5159.54956284295
2024-02-12,47.929863092162535,51.234684396351,16.191818272124006,6.357636276928438,48.30733087220178,103.12059498145241,246.7692035975397,108.5364394573584,115078.11319539696,4945.345721655074
2024-02-13,47.40805460932577,53.07734932017185,15.033442816237512,5.951276122438098,52.27168593105683,108.23851753593517,245.7526104793842,106.56152179350089,113057.43883070967,5073.769313297952
2024-02-14,43.67514793625184,50.653182058785795,14.78259952008771,5.696435194013579,51.78468349784166,106.93974136380446,236.414691148194,104.67858132095495,117289.74095354626,4906.8830768022935
2024-02-15,44.079339989242314,50.33107234632424,14.483276395468492,5.029988981584836,52.106012999107804,102.17064487795238,236.74394336871148,102.3144131389149,114231.21485675627,5099.5192239122325
2024-02-16,41.07261463709877,50.0592877912673,13.673735574698087,4.748908278431748,52.481318596586256,107.96625574270203,235.11448835979377,100.1554366778556,116762.62243306651,5098.890669706795
2024-02-17,42.75561867098419,45.91466261258784,13.814738345059922,4.9526151374607466,49.04792134788371,102.72194739498697,245.155888201361,102.18805309323503,113324.07369189903,5137.205471243831
2024-02-18,43.262157113737565,46.428854374155605,13.528106734189967,4.986166606029664,50.39315651741318,103.01419438676162,240.19874292616558,102.88375520258244,113380.86781405786,4994.091900631298
2024-02-19,42.088888204653635,43.885374329482225,13.835541257456034,4.925243504853204,50.70076835632467,106.18174783544991,246.35713664837985,101.97618841742627,115135.74568420596,5145.781670077498
2024-02-20,45.087898711651334,46.45258890779324,13.933731513698408,5.186258320336606,46.46389774383454,104.93335465580819,232.38456517234388,100.52560779030291,115753.28095361122,5020.496237946886
2024-02-21,42.596692704009904,49.41421000092794,14.448343924976154,5.196175085606593,50.08792418130868,106.47706916638887,231.33925303891476,106.7364578168045,110253.66934498481,5115.562104367918
2024-02-22,42.68718724601962,45.532581314174045,14.749114169802748,5.297955211145318,49.044652919592785,107.30896033095837,235.45315686839712,104.66207116371174,112200.67829630319,5180.218551218784
2024-02-23,42.90039895647812,46.88024189288738,14.972890458556016,5.145135478293466,49.50309967093097,109.70186509893136,236.5232711980859,101.39857242672878,115650.46642952906,5136.612777805333
2024-02-24,42.16535533709084,44.825516993908224,15.494572076604046,5.1684308625050335,48.99267709913387,111.84416170825504,231.2675729576459,105.04810351122603,113103.2659081687,5052.610578116705
2024-02-25,39.47160520046966,43.78507781603952,15.49428369157973,5.312395497033502,48.340840635279555,111.33508043830024,227.87238357342477,101.85540121158543,112555.61362377608,4973.544657505572
2024-02-26,41.36038756609357,42.572057536826364,15.067466194077719,5.28541185940867,47.82353687802063,109.71524562540611,233.87604572704024,99.61136752708636,112315.07323590246,5171.578989379918
2024-02-27,40.38665081101633,43.207961647737626,15.065844225983453,5.631209514728295,48.734358055723625,108.3983594669779,233.4149924482301,101.6079494872627,114702.87165691443,5092.419373769012
2024-02-28,39.668306692346775,44.02556580544129,15.316251325024561,5.765767076558193,47.28875009140491,113.0347446197002,230.3245043363188,101.71687081171801,112504.51605977431,4885.957161437946
2024-02-29,40.79427150259678,42.73677738487924,15.24636292844381,5.684706572207892,47.455482866526275,113.62953107149643,240.88571278393522,105.13895575270585,118049.19032837801,5228.311814877919
2024-03-01,38.78605565144306,44.46772492693081,16.378067674648417,5.4070644848573926,48.684075165751295,112.44928304540092,238.9127131285912,99.14862775232595,116205.21885754987,5097.293724309812
2024-03-02,37.56106154861546,46.655959854233586,15.902574886887336,6.095867683753928,45.800673765092206,111.76666226593166,229.9072704056288,100.63557737577169,115262.14976636085,5219.009817879747
2024-03-03,37.63025333139591,46.71562853890642,16.006085200970674,5.405254155556985,47.308803399741606,110.94804261680017,229.96235780792233,98.26947649465639,117409.23609694483,4994.815750626958
2024-03-04,36.95211085841564,49.14572555953749,15.950438182821303,5.024203501516612,47.52553810151399,112.73300765283929,232.274381396412,103.38714980758613,118464.64748586382,4758.8038860200695
2024-03-05,36.07072135544563,47.83122444188064,16.406192428209582,4.797169625545304,44.68414123576801,112.92571645872181,223.3498395246302,104.4572450395867,121917.66896877017,5134.78142079607
2024-03-06,37.1847827130948,45.11354419294335,15.799071198440064,4.1091502961769875,44.60162768466155,108.1855466819866,227.55030592154023,101.22812848256974,113714.78044067312,5143.184117540195
2024-03-07,38.02561305959485,46.389719598098715,16.799373428570416,3.8688247624319305,46.58114084246983,106.19788949549633,218.62658547614836,98.53941138960307,118686.91632935478,4934.400837775725
2024-03-08,36.01595114428364,44.31183835675892,17.04668213725264,3.9310413251025413,44.580650477031334,108.67050654177162,232.7502198253574,98.3103124695927,118407.16072634967,4964.680034214926
2024-03-09,37.74264038162324,43.13271762467612,17.083621455481456,4.592709711595751,44.7039606770461,110.66212709862133,221.88697672127694,100.13432067110371,115935.01145403838,5321.218299585963
2024-03-10,34.12509685153882,42.79770253945135,17.007264505159473,3.4453638821215815,45.62526837983114,110.64163190512497,235.83963197946056,97.8394972411931,117205.39022129127,5021.030610650146
2024-03-11,36.00939998753988,42.85445762724153,17.151504063261818,3.7517641649182023,46.857269248663634,110.33806873312773,228.82540446307095,103.7833365902856,115503.71324736938,5154.454653543829
2024-03-12,35.84926719368996,39.635689448485486,18.70986339261674,4.161176237757969,45.66293422529075,110.55046237926206,227.99871135751582,101.98803546834462,117755.35399606441,5004.425690369213
2024-03-13,34.712034807016366,38.53404383558838,18.124783069789647,3.846852731132136,45.55798093550898,111.51732156114576,226.21408020744332,101.13759623083608,120530.92437876268,4816.450564743631
2024-03-14,32.87044999496745,38.2001163421824,17.485170864585836,4.452005168263327,47.622409865881124,113.23166669819474,230.10541629730062,103.68352920123789,118105.80725995381,4988.477026067577
2024-03-15,32.772203191754166,38.4346746931069,18.306437417401217,4.597740887437005,48.691859903561685,111.67945569047613,238.41780351098828,102.37275313795782,117410.37728080183,4961.533256124439
2024-03-16,30.99025418788396,37.22379466171292,18.087587563722412,4.828510058343169,47.54808348424049,108.26178527507773,219.71784609159658,103.41753294858931,115383.2784246456,4972.771421193801
2024-03-17,31.384996672741195,36.19177732109482,17.42220927577932,5.081412948852369,46.740990853173734,108.74658217864669,234.52790047189632,106.5769458044066,113636.61248729494,4985.616356419908
2024-03-18,32.943991024225774,34.93849697025333,18.00958108731846,5.037817694714774,45.588613988631934,108.80255261175247,231.20684777798036,104.71147187200621,117488.33194826047,5028.496438639288
2024-03-19,30.912210780585813,33.6749059356326,17.80276568632551,5.109292418932099,44.96196811599802,112.41005364743368,220.67421586031722,106.1878800090401,120778.1157070269,4967.618093421109
2024-03-20,30.497846176156074,34.53290857807956,16.888255991552963,5.50383949517747,46.12788762492708,113.04107959700792,222.72941639446643,103.46848971587593,114941.02323749177,4833.383407080534
2024-03-21,30.932645574044635,32.842391184814,17.267345275259768,5.753395244548011,45.8541206187354,118.6421554470997,234.15356286977882,104.04390542342308,117106.38097887745,4995.970439076339
2024-03-22,30.82942274646976,32.11985843846959,17.384857388035044,5.303500987750334,47.09055956998757,115.40625168810828,220.67391956255014,104.52524898742355,120005.842056618,4698.780284181582
2024-03-23,30.288065290947007,30.759761732450073,17.862760867045576,5.48870284970136,45.90702331221849,120.5524117804606,221.66591165818636,104.19954010323865,117201.13971417905,4677.415657172687
2024-03-24,29.652994364906572,30.726055933349393,17.83612634460902,5.08605011955991,44.531320251855924,124.36024402374923,230.5457006383463,106.50710538904782,116471.97800216537,4962.0202402182495
2024-03-25,28.53527709392814,29.861387429201965,17.83993977634283,5.157720648766614,47.40073654048322,123.0036497264307,227.60392412631197,104.33698142043718,116695.56414524154,4957.027199362471
2024-03-26,27.705513792627347,30.504182413240983,18.766245191097024,4.579285961477719,45.86891860030758,130.66664905667653,227.17178499188222,103.83511717528215,113827.84375418838,4899.447913715157
2024-03-27,27.563029706164084,31.807491246265837,17.383945540244937,4.0904064552341115,47.43297605119799,125.70286785382429,235.25443619874693,108.23061421189368,116377.4805445382,4743.904444295556
2024-03-28,26.040582481713173,30.382105930378298,16.924840499110633,3.543533948788651,48.296581515954614,121.75168772891034,228.26754879204992,111.72004844362036,118848.91204262844,4870.985850771683
2024-03-29,26.945004694223137,30.412236626885257,16.521480953993482,3.4022452011302584,50.08276774632755,124.35180056757629,237.92309226247696,106.78111574225045,114537.42943814458,4906.239305688786
2024-03-30,26.799423456640138,30.099725672826835,16.024877577127576,3.31393153503758,51.458894582368444,118.80284272906238,237.11774346986934,111.0401567309417,112965.34164779981,4789.222324070338
2024-03-31,27.702063269285723,31.219804954287135,16.760680770157983,2.9202073676115785,47.81485682411163,119.75436293525522,235.94244127611162,112.44407316240763,114936.73420400845,4910.479772515147
2024-04-01,27.452350505662153,29.440215511430292,16.734800408500206,3.2062056579525993,46.73250697177678,119.22327251328353,235.41517680002357,109.76228416508762,117926.82944919608,5099.558644936269
2024-04-02,28.47841559445646,28.997129946017182,16.98925416300181,2.8612438655551813,47.162639062293465,124.96780596694212,241.68615604345462,114.8832802899959,115796.27734255939,5183.233132781038
2024-04-03,29.149925074341244,27.34791144997289,17.15252538868878,3.1499845731229454,46.142901008475455,119.99048849365056,234.92350111796515,115.64469775078474,116204.56931607703,5020.635698470258
2024-04-04,27.537792696906106,30.117442879699215,17.136995481967936,2.4473502392777733,44.2385023276776,122.84607930555968,228.65457118679518,111.82603881971532,118350.29821601672,5125.826887898996
2024-04-05,27.982804134789593,29.25153237136606,16.883743852511763,2.3032959303831912,45.47128538331644,122.1658149519368,235.02040429415842,115.80924463041733,114449.99018044984,4866.971127013439
2024-04-06,27.178485060868066,31.568660255648858,17.987562958736632,1.8834561814765487,44.69079386777938,127.10230480226852,243.59026884330356,112.98783789395497,118887.95763668556,5148.20796074766
2024-04-07,26.69455546078265,30.06901942190891,18.04143637699328,2.403722308429482,45.62242176975613,122.19826527785743,227.72782456319266,115.91635953412367,118536.5166053479,5027.176316254573
2024-04-08,26.620298829286575,28.72256588585115,17.80275684611356,2.4455241011139166,45.08518689213635,127.39265180300102,228.379431399804,113.01583993443369,117270.61599879048,5183.451760712945
2024-04-09,25.25065754915734,27.50153534838302,16.285985055855434,2.2403178062197893,44.675872437541614,126.59743650598138,227.51098030268082,113.25743695213697,120075.20661283325,5116.250949380601
2024-04-10,25.886252284205202,27.942909722807627,16.30313126283169,2.169910999693492,44.79749507899158,125.75043247051744,226.29397688116637,118.4741643548297,114816.87619136275,5216.717419945723
2024-04-11,24.046252595067465,28.343546160767442,16.656358289356717,2.687360392405071,44.24925964889987,124.50847153881743,222.1164113550823,119.52363430677823,120109.08881656383,4994.568112279624
2024-04-12,24.208746964376846,28.038468760526566,16.212930908791904,3.10350937525688,43.878481256609405,125.340152735865,233.10639100014376,119.37436537340456,116872.9110377364,5138.778300884231
2024-04-13,25.300889681327597,30.243418274668247,16.428221522893676,3.584935828589387,42.868717042242906,116.03591233645474,236.41328454688627,114.84972777801076,116008.89352963076,5085.284657752336
2024-04-14,24.784134327896655,28.048109049725547,16.37923795730158,3.523191644868703,43.834171830372284,120.3550946177822,229.64598978933353,116.12524692901823,117097.38976264875,5120.875498269048
2024-04-15,24.576040223185966,29.733442673032783,16.45932441859635,3.54888569031677,44.456708262519854,124.08132431696461,224.11957814004796,117.70969984924574,116963.57119884677,5098.3614749176195
2024-04-16,25.108354018528193,29.633050807128257,17.131825495594356,3.5567980910151307,44.696730224022744,120.03188101153943,222.08428232375945,115.69883720585501,121073.37863218505,5052.751329926375
2024-04-17,26.33060582940589,26.467034473315554,17.91351612055652,3.1848257581450197,45.44469966689179,116.95658074959046,231.77729339273796,119.14740993051356,115826.37588979922,5181.560681294077
2024-04-18,24.36030448291297,27.572425258628204,17.70427298111076,2.9594021105867774,43.529923633580886,120.68567664404242,233.9745362177771,117.44692704701902,116199.3200592631,5165.28148934129
2024-04-19,24.243460767296618,29.97038117252292,16.679604520361348,3.036997790468776,44.29017361448631,129.32441000117834,228.3293285751193,122.8674472175815,120708.29005440301,5224.391614271378
2024-04-20,23.778666559516264,27.585368208539403,16.958804772173902,2.4558615059119537,42.729963934124456,128.75818373814676,225.33683806708174,116.11114193512032,115106.14367800982,5165.717070969478
2024-04-21,23.43735176030691,24.640553520651917,16.87183538978697,2.725764894229668,43.463735261593435,126.12572797048765,223.0020946986351,117.42379612304795,118712.6273244508,5220.767667740611
2024-04-22,23.82286359190893,24.58096905769317,15.828603281758538,3.07606512782913,45.151440306197706,129.2356281190269,219.35902296953523,121.33440680879131,120990.26774234744,5222.056030272403
2024-04-23,23.487080474120717,26.13319732336511,16.45448637825392,3.182095120330599,45.36963086662258,124.94744201178182,227.629628513674,119.18323995653999,115567.81138158408,4989.551536148186
2024-04-24,23.82117286050151,28.043379322924558,17.173531450342796,3.7977451259543282,44.16652890884976,123.16038817948008,227.48696077408758,117.36234970368116,118101.72694719878,5178.942499464526
2024-04-25,24.233837939053203,26.75427489032316,17.18314156168621,2.8627371996822504,43.802123726962215,126.73601229337129,213.6171155309315,114.30319895827215,113247.8228592199,4944.207840326449
2024-04-26,25.284383264868797,26.187562039486682,18.135371319225754,3.150895844995937,41.85502589131816,133.41224529307894,229.55339113060325,117.61795577567246,116022.93834461931,5140.041746087874
2024-04-27,24.150831657392686,26.55420191733692,18.26788663817253,3.8835226536039644,43.22715615778799,130.76696165659055,226.27485886956117,110.02441647581531,114712.25475156239,5140.82220379912
2024-04-28,24.20490579835769,26.377307030472753,17.579003657652418,3.8058958166834853,43.48836866835874,131.76513108637758,231.171743664722,109.09205090680409,115797.31635898074,4894.899709563735
2024-04-29,24.409486011316037,23.67052519333449,17.796604491332136,4.581996844707897,43.20216763994768,132.8892635389744,217.51364705698853,109.92297386219151,113193.97085051902,5094.136963658101
2024-04-30,23.68045693218876,23.36848844820835,17.870549386334353,4.044534544807238,42.67409697108747,140.20381060122813,214.56804143431313,112.41968344321131,111199.95948314508,5024.513478040201
2024-05-01,22.35941548337354,23.733573478384205,18.03276184973578,3.6961209540316085,41.718129534121545,137.09493917603848,220.11040420223404,114.63139862818696,115800.31912026776,4978.009752442644
2024-05-02,22.331787278027697,24.41887415957005,18.572623214652907,2.8107030044093038,41.221231508367296,140.55956997553346,224.43627477954345,113.47873711709052,110460.64373107057,5171.256057080432
2024-05-03,20.74700181647113,24.052425801326862,18.28693169243394,2.881351073112925,40.390881089484296,131.61772299139804,229.06475612458348,111.73199284569641,113737.24857337178,4979.6151488988
2024-05-04,19.236890368481845,24.860279697830265,18.376011933259093,2.4933007524817468,41.99207170188641,133.29933270846888,226.81535767908127,113.95352702713846,117105.80397886681,4931.4353467868705
2024-05-05,19.324858304926106,25.812793717544928,18.656606577219925,1.811590962128207,41.905717604610984,125.50121886985282,223.44942440132985,115.01129398002439,115071.28400734227,5016.300731767057
2024-05-06,19.203278853107907,24.52201018672048,19.031978008853812,2.152612728976019,41.983263340592856,132.2313467262675,220.28868791975813,117.93857479908458,119910.40825641871,5077.115252170146
2024-05-07,19.17411386650967,25.442116139838618,19.41559963240731,2.8960835399798266,41.93494513014633,124.64085645591612,229.70859298487846,111.97261558491877,117288.79332303534,4992.447602202894
2024-05-08,19.84523089401711,24.688731933826027,19.414774851655373,2.8885947892446997,41.037137760226194,126.89106083698313,222.56183220250375,117.66339304408397,113720.23813908761,5125.163528830093
2024-05-09,20.902442925104555,25.677124659177665,18.095252424190466,3.141590905921394,43.10406188217838,124.93629770806177,233.23763444924984,122.65950135253276,114773.71838343341,5046.436393091016
2024-05-10,18.65541446463399,25.763904441080744,17.554255331769504,3.0466497411040168,41.39698201518442,127.45179105408455,223.09595587957466,124.10652906122947,114601.95698576627,4787.603642243097
2024-05-11,18.728597741673145,28.098905990438364,18.23765787464379,2.5120129724412514,40.98911000993695,126.17100301970451,235.56036539304196,121.92113745147462,111380.77304283387,4904.330825937661
2024-05-12,17.631243743012984,28.702573756759868,17.579874619155987,1.8577409226834187,43.30431215622648,125.91727774992647,230.0696016820659,121.56045104766093,112835.92449400538,4881.65854648896
2024-05-13,18.060853679370638,28.301680256832906,18.659018207903223,1.777573178604977,41.40957551640635,126.79801061271226,227.5284621219049,119.94234965619302,114225.23896393013,4971.600244993869
2024-05-14,19.762005085299748,26.60432250853416,18.10462350697121,2.1419090977257933,41.16782279734877,127.45650081920587,227.10458359187587,120.61172976706342,110990.95088605658,4624.755533832636
2024-05-15,20.597893958403628,26.885158031100293,18.374560816569257,2.6070418431024613,41.15320922843579,129.85355930244526,226.68855931327738,122.50510494286459,114381.59616516659,5178.523528349878
2024-05-16,19.847526352496562,28.319501997626844,19.801264882985194,2.3318022375074,41.438144299364225,123.64615613142628,230.71407882021512,126.17686190198464,113856.6820264196,4998.679218445397
2024-05-17,19.54648116767577,27.619367944604964,19.896100409051066,2.0835565941491536,38.36621922056026,127.09288283486865,231.87490773142912,119.91436554710002,112012.62558086909,4943.839806823362
2024-05-18,19.91230813981923,26.86163592002256,19.533683794184032,2.3982388310131286,40.56866297240497,127.76712255721692,231.4036095972113,121.55381393833075,116194.70949369196,5037.18626857836
2024-05-19,18.995040422266374,25.320186785957706,19.434206543373712,2.0865063606164425,40.902163776265226,125.6924550820068,234.86733208150167,125.71403299521927,115959.56376448402,5154.26129049424
2024-05-20,19.654696083333707,24.235402358398133,19.693804269747492,2.1641830220337397,39.78745597665701,123.83138391943609,237.0274274909533,123.70528615008766,114441.36952694345,5025.242106513177
2024-05-21,19.446153341711764,25.372325663050805,20.484741083506513,1.5612294016940014,40.491306944586775,125.1908035815125,226.72980522836426,126.50539392012824,113149.52101376606,5022.183660864493
2024-05-22,20.23313324698836,25.3421573071527,20.13623376946452,1.977591400741548,38.53546355587213,126.01503822031715,236.78312256972114,123.52420742829653,115255.29233070422,4989.829431834115
2024-05-23,19.29704974650605,26.47096313626669,21.531623013669524,1.5394482799936906,40.40687707699222,120.68238761601823,231.06072522346784,128.1337659075838,115404.51426936235,4980.300752761437
2024-05-24,20.129077448723756,26.5890078773072,21.142979258209124,1.0198445819566049,39.310650714160815,118.35500352818535,233.02737288507936,128.29595971139096,116054.31128224796,4935.223555292727
2024-05-25,20.084288980483112,27.016618598690467,20.716629154571553,1.5468221129885824,38.55351839639637,119.41153819918208,229.5514007414931,128.1452973844741,113668.40192505141,4876.363014252745
2024-05-26,18.59121620767638,26.422457606581837,19.897715238293028,1.4900535901919183,39.174228900321594,114.28542755117365,228.89980929606762,130.85134807283197,116403.01405756015,4886.957881023048
2024-05-27,19.893464885547793,27.103188546907127,19.591464296171814,1.5102865580312854,41.4405323463982,121.64811229837383,234.5802192773724,132.67373923035586,118615.97392390987,4783.528007587031
2024-05-28,21.105782893591908,26.314994932277834,20.393775265803047,1.6165827308171006,39.74220579714848,120.67854084619633,233.62059665216603,133.9770309978735,115080.26577262074,4848.163079261658
2024-05-29,19.97079329974457,26.30596330987312,19.06058415376458,1.1694172016317876,41.30656664320344,118.8810500899182,245.80571144318708,132.2682541207448,120459.00114774276,4755.802071278723
2024-05-30,19.483600795711205,26.29283683256109,18.954522767855494,1.292746422170765,39.574021762549044,117.78119978593432,232.27341509004538,131.8286398845332,114988.83184600377,4924.846642653202
2024-05-31,18.782246267575314,26.25543932846895,19.267281789595636,0.7007267415771063,38.73257755336346,116.83601512041811,234.37072352132216,137.7570134768124,115452.1868451672,4913.365264750085
2024-06-01,18.467584812486837,27.21343254882309,18.424817750042617,1.1257956629318553,39.4491339954661,121.75482927670845,234.30073223323691,129.6049727262533,113664.7844676596,4929.383243646077
2024-06-02,18.386144734762595,27.873388233179796,19.031324227634695,1.2758080026619056,41.6428911242425,123.46933523752865,234.95735344222578,130.86683447997362,116098.08265811636,4862.93143095722
2024-06-03,18.232815259810806,26.957673850798024,19.06666488772482,1.2516591585150834,40.46952817976488,119.11368670245548,234.06925919201677,123.77961046817512,111049.95370387669,5219.1317287420825
2024-06-04,17.57268945159662,25.494427359767972,19.382031010345866,1.1639686456328475,39.93181518924481,122.58752789366416,224.95316268172834,128.05345490424358,113310.26341121588,5006.658617055443
2024-06-05,17.630879266708504,23.195806359985134,18.019084195938735,1.4502472067278853,40.569270791243895,117.03124454504895,237.70926799934324,123.45221289984558,111689.27572453955,4708.965279309011
2024-06-06,16.828218197831777,21.092600153320777,18.12589530152427,0.7654270639553483,40.95698402213016,118.84407339631184,241.35184927310192,125.8517978303671,115024.49274315454,4811.964269326242
2024-06-07,17.82444297163303,20.824046955137817,18.720714424307015,0.9675371360164471,41.772161031817404,121.48214351380382,225.71496222589246,129.545159411959,116678.75566959778,4740.36400422581
2024-06-08,16.182360384687343,19.682195844118944,18.643687871575548,0.285075478931881,42.53154409105883,119.51129077418831,225.72666587695434,139.48458267033158,115986.94489615991,4748.270699631389
2024-06-09,16.613307133372498,19.51280060687617,18.269854913563126,0.1910728648677251,41.63820850597859,119.26138535906198,229.43114069773142,139.2501253101927,109283.93172603704,4709.688592817347
2024-06-10,16.33517699949176,17.518384244360842,18.594842908708205,0.37175926777808516,40.31146415900013,120.6514288471968,226.1657440772283,138.7915939503759,119299.14580003262,4894.688534388399
2024-06-11,18.508294815372544,15.524909718765057,17.577621171741587,0.28112152741731694,41.766063014643805,122.67461295910128,228.28493958411872,132.7508900477696,113964.52195822225,4774.907741422153
2024-06-12,18.5629363277729,16.08204042707275,18.997450907836335,0.027593656744523867,42.53074753650174,121.78488085479123,222.9029997239376,138.510849502154,112360.48501810276,4921.893698836407
2024-06-13,17.816368779629098,15.435543675675547,18.63698971127084,0.47501409200985223,41.17241636513776,116.98286628494452,235.36578441332182,139.77097609108506,114077.90041749805,4896.880622500478
2024-06-14,16.791098013178384,13.504760472685081,18.549607260678716,0.7004003312571507,40.91015708495139,116.79241642590031,230.75950805655256,137.07740362155474,114153.85164547194,4919.83137733236
2024-06-15,16.19468200866339,13.444468962915213,19.47585124133126,0.5036797580226736,40.95971812437683,123.06502976858506,225.75650112365054,129.34829041723862,111687.0369293584,4699.413228347867
2024-06-16,17.106230694290225,14.77820777772706,18.32043498202793,0.38768471274068106,41.69080667567714,123.41479377565334,231.72623299192597,126.91130089763325,113302.60535414105,4820.063997202415
2024-06-17,16.47459532151396,16.01323242605507,18.668247518158527,0.1389987552227924,41.53482496152917,118.43593496738816,231.41123597387337,129.24567275112844,112305.4782107487,4757.758399823622
2024-06-18,17.32375551553134,17.061354440269483,18.29847677816443,0.05810916671453191,40.78862593311105,125.98279497844409,223.1876769504868,132.27812680967216,114242.34482083541,4645.248228133168
2024-06-19,17.500056210724765,16.26380332070369,18.211443834534897,0.3971439133337859,40.1047646431513,124.54858713900303,217.96980766836913,125.21255874304552,113496.31466665643,4630.036014326351
2024-06-20,19.015177988925917,14.603442230878182,18.307130815371764,0.0058834210756576796,40.29629436192681,131.33919406259403,221.5696718196016,130.13378313385715,111991.84377098549,4875.43908508924
2024-06-21,19.096802847043726,12.90159700879018,17.80436972430549,0.050940372964054986,41.6826737940911,127.37792021116582,226.63703606920637,129.41892093900935,115974.05391797639,4800.482879904286
2024-06-22,19.85064201232576,14.045472006220802,17.02820898679742,0.39151180069256325,41.741586567539585,127.61559768216729,222.2405549475208,129.53287637288983,116907.88978323377,4814.286260348892
2024-06-23,20.477687748876946,13.422269656931103,18.613494382474986,1.1416342003250481,38.67742659740684,127.50813560959742,216.72238813325976,130.76671038076177,116817.59516464088,4710.765396718481
2024-06-24,20.525645908626892,13.085738228277236,18.256343771669837,1.2106360938453324,38.774043021873496,123.4167768156652,220.44387884596492,127.10441761394932,116745.18102613787,4662.0997760835835
2024-06-25,20.720058454387015,13.585369562169975,19.57645504268029,0.6819100811106269,37.968333094485445,130.53033443940683,225.6103538708414,124.10120025323599,117010.0746678376,4714.556474609839
2024-06-26,22.496882221474223,13.606793609746575,19.075682980178705,0.44882368292431246,37.82745578950221,128.14472783829189,225.37241226659842,118.96882754928114,115601.70684685106,4744.047886980125
2024-06-27,23.17677353966976,16.562482860743323,18.567371527385838,0.12974790545048306,37.86864538437247,129.12726695719297,232.94519919033345,120.48075364117035,118913.67505958038,4657.024141514293
2024-06-28,21.14201754514961,15.673971857868679,18.723435083490063,0.4974120423428826,37.363070869131306,137.54691087183252,217.49577709029617,122.67882769711748,113626.16067549141,4746.415669957775
2024-06-29,19.13490325222319,15.881608415604864,17.933275791767347,0.7011342369279864,36.65491608760869,120.4882334603014,226.8874978049877,123.75447118828477,114332.85423547919,4550.764095520884
2024-06-30,22.648021134462024,16.69613957895414,17.75215238659197,0.9444149153550134,35.339207423323664,129.11211559458496,229.30831442669177,122.66380360246615,114585.91583701281,4587.742400798242
2024-07-01,21.88049712103039,18.274397517171273,18.39431236284269,1.0247926407877395,35.740408555498234,122.50578423196674,232.1735700126536,123.60766478387424,119203.33118541811,4734.321329670951
2024-07-02,21.742085470896235,17.57086515627573,17.91057717364378,1.606108810870821,35.981659604688275,124.91270124659144,220.8611406938517,123.75525446022642,118586.10341726273,4814.883920432181
2024-07-03,20.345269422290116,19.03522612070564,17.782621966848826,1.9524287391366255,35.78734749264548,122.17682271701952,222.25098529488716,121.21688577690489,116820.81444983536,4701.784879691207
2024-07-04,19.64295622589057,16.958447132650765,17.71474101370198,2.000737984835999,36.45390187745116,119.62441025528642,225.0934153609596,122.44399440326491,118200.62862597444,4623.2160173072525
2024-07-05,19.513446052319377,16.735777756649203,18.527527255492156,1.9904410175628875,35.229489032035104,120.71721425351001,224.94168488586573,129.81159997060817,113485.63217326926,4677.872448402251
2024-07-06,19.815170868927964,17.75225662779081,18.466701008760346,2.092986995969468,35.65533018283052,120.07450305029563,221.35143627352605,123.04561485118369,115697.67835855027,4709.931736475676
2024-07-07,18.110287617271403,16.090488222289736,18.958571036626115,1.9197388174637193,36.199047676501394,114.20730920283522,225.14405778860623,128.55523496867096,114895.32836791287,4765.950589838219
2024-07-08,17.55949689146243,16.689212276346048,18.11276767287875,1.4030045310893826,35.31708338697247,120.53864864313265,211.02355728055875,126.76689208044256,117547.36993519582,4802.538133669065
2024-07-09,18.24925149635956,14.726571994359384,17.92289173654471,1.2551637751271998,34.61575820927346,118.99068297536418,227.59531650380057,130.74914359046173,115534.47140887537,4658.1209111775115
2024-07-10,18.538960313255064,13.8090730009949,18.25012820897963,1.208756211438874,36.7733573527882,117.56544709397626,225.44342820152897,122.36937184702117,114845.90468335412,4602.442621363099
2024-07-11,18.999351378924192,13.598108893848,16.700329287111902,1.228408795969133,37.463303991570804,119.76861020573719,223.42350172949844,128.69006395785883,115909.09198836457,4707.475359925181
2024-07-12,19.077090514686006,14.629904622995685,16.151089737419603,0.419378074674792,35.87962388097194,126.84833519800712,234.8927266155403,123.57846184219322,116235.76659149099,4613.567912682217
2024-07-13,19.89526733357827,15.201978065817594,17.22139863631918,0.4977067479373006,36.13871480119557,121.63623285584937,222.40577907880308,119.8128136575212,113686.33590026392,4648.6448468314165
2024-07-14,20.262749179414097,16.791474756180776,16.54679131801932,0.13810745489414372,35.85244789870963,123.2229199876858,228.21976935428253,122.37066669104182,114131.970506316,4816.343314242153
2024-07-15,19.856366579440927,15.784605050215452,16.682656559643018,0.5316250381258356,34.59576025852508,120.2068325856878,238.98362368209857,124.78136244496561,111600.07185651409,4738.897986110027
2024-07-16,19.80418683046162,17.081672846911626,17.850641288528696,0.1776143781604732,34.79626593391491,124.4430572717431,228.332881561234,119.6187205366838,108195.14514283359,4699.843691931637
2024-07-17,18.919319226347714,16.908717490825193,16.512408362119096,0.3802458835761986,35.86382757710132,125.46574141047903,229.29355958253402,118.43297150593187,114049.42980674596,4559.997261971001
2024-07-18,18.736055548694125,17.27830504777758,16.302212050638555,0.25301578906787114,35.36819621578446,126.18317374653753,232.09129288221544,117.90532715109559,115716.06247306171,4642.516098106594
2024-07-19,20.424370221672838,18.24568763865563,16.02880232525249,0.8433434811272412,36.12419764036322,118.9621720940113,237.33681989516063,118.91019385802076,116034.8793266771,4696.727725404716
2024-07-20,19.802808779535265,18.65638297973393,16.17974855307686,0.5822224777812467,36.6843963994658,119.93829779058244,233.60070028457878,119.93266575143804,110480.88617618171,4506.179646594756
2024-07-21,19.117037915209995,19.196537319060262,17.06198797908383,0.5709733114879043,36.6439317641719,119.1740411003426,224.9093119756028,124.93682287148992,113780.81796397456,4617.1538814131145
2024-07-22,18.46322570312096,20.05098273601602,16.53126047890128,1.0129700144791742,35.91357311538065,122.01352657672342,228.97167488791763,122.46359007243379,108408.28119460092,4642.121609054541
2024-07-23,19.599302191131137,19.720901807470778,16.422198904745684,1.0978028502144774,37.321370751335515,118.29235188432497,226.02347477982315,125.4332763515697,116502.15033895042,4696.720790831
2024-07-24,19.48488986120572,17.85835935698025,16.643144718351486,0.9296705949466437,37.16499396359479,124.34547930011469,227.5395279890402,120.31023048502868,111912.53293529291,4519.398901457993
2024-07-25,18.731268740172563,19.46558307843683,16.54766852457262,1.6949708761596105,36.941998716540624,121.30299697108212,227.15183057388074,116.44944900962655,119367.43976293458,4479.6547305091635
2024-07-26,16.598578951348674,19.786042582224304,15.570930757765117,1.1871381885811094,36.8169859680505,120.94397506481879,226.92691251382112,112.21920360304867,120307.90394186272,4497.003448809378
2024-07-27,16.060863409160014,20.479463692856143,15.591246630183784,0.8326106038204408,35.01224285813665,120.94325422677444,218.88490249775825,115.89629098296768,115298.64713870185,4427.091414390759
2024-07-28,15.769752524207282,21.534507905157746,14.921055114270988,0.4268981141740642,35.618419679413414,122.1053596241185,233.58288770982153,117.45086452899393,115143.53403275328,4248.350133215458
2024-07-29,17.472436303462764,22.381491276718982,16.435516869406857,0.939484045238697,35.64215867744746,121.66593255856745,229.81618081917014,115.36463258355147,118112.19620844179,4261.542110952506
2024-07-30,18.780538605757485,23.431399337496785,14.115792322205271,1.2844361161048268,34.53799521571401,124.70737372265717,235.4766125377289,112.76723115792157,115942.35713452657,4325.452020357845
2024-07-31,19.544038221893864,25.97942712245864,14.531979309203656,1.1599266819587613,34.900431844353896,128.47735569524627,230.8585813731527,109.89353485589142,119600.33428806505,4147.803703235907
2024-08-01,17.82623829732767,25.54835050420123,15.12114166485539,1.2144874063454663,34.34551165940525,126.97568046658401,233.8838343660531,116.41802016180695,117296.94838795534,4281.103377651423
2024-08-02,18.751337833131895,27.09271896542587,15.870653567833864,1.4601474526394782,35.6309839125033,125.30770291263389,231.64111488239587,119.22742263373067,113712.17154847285,4380.187836796166
2024-08-03,18.287510618978814,28.274250395558404,15.28643513780429,1.3346362580817581,34.043846930900784,121.62984409929538,233.34505747470516,120.65558340693516,110990.02236792016,4103.251789366414
2024-08-04,18.044683423866466,26.451995252426634,15.465343018822718,1.5091060421504985,34.50977246337661,118.56896157552966,229.6974093359622,117.36232817972454,117345.86721954527,4453.123252767767
2024-08-05,18.133283692550886,26.261159506904985,15.877093256284844,1.637791363012226,34.689196541398886,121.51255310283035,227.35851155723077,118.57904709738033,114913.56906753434,4459.851273570675
2024-08-06,18.274550930958647,27.945852771360276,15.726262739212295,0.9660683091740898,34.8896831234001,119.1017745627886,234.0953790885334,114.77972101499076,114108.62722509066,4288.022769589534
2024-08-07,17.245730146600398,26.95778156330114,15.724610701929223,0.5539371251282211,34.40231458326832,123.28348588496152,226.6132997319189,115.96935229143298,116912.11166629368,4338.802255334424
2024-08-08,18.163251653013113,27.912924542652895,15.6607856218876,0.9032293904649257,35.507095683937955,119.87200310973061,228.2874216668184,116.46996402245175,117143.75834357053,4280.483609513836
2024-08-09,16.310894318224122,28.2380715899146,16.13673466916157,0.3879933964540007,37.320990120950874,122.44370396214268,217.1485496623859,108.89481544311927,113345.73660294514,4379.39195077414
2024-08-10,15.556831241473647,29.226446392527677,16.329907377400286,0.20138624038842026,36.84567241838118,119.64818286498004,215.26916455512008,114.11621823837169,112540.90748983793,4323.888663271543
2024-08-11,15.737057765723513,30.66528420132428,16.06261672105113,0.31147717575338985,37.25632497797949,122.93783501749715,222.17880072732154,113.01988283432127,114425.9877933752,4065.9943226859177
2024-08-12,15.446852551755441,30.387448541614457,15.756985154994846,0.0518665760291301,39.470037801091294,125.77603148098805,218.08577511171129,117.92618479502626,110814.36568171742,4244.101817951459
2024-08-13,14.155462869590457,31.38319856227856,16.411471022632274,0.3021825422867657,39.294757482053726,120.8320925146067,217.14137780858226,118.70147832915583,113983.8569891365,4187.4293611684425
2024-08-14,14.797115906302368,32.04228305710776,16.498001824999836,0.2488837953354286,36.016219485578205,124.12955567439217,217.8349745244799,112.27512802151921,114470.75788580236,4214.200757865151
2024-08-15,14.443682605443168,29.777712968416143,15.642777741312566,0.3133358047211156,36.97063261318776,121.07285039354356,225.56435799858068,108.22175401279763,116598.35178072007,4165.606004840686
2024-08-16,14.72245359290502,31.34751504965421,15.865067445272157,0.3747203872755703,35.28627387932697,123.95140645548337,220.8797737647866,113.22362519299936,109783.92683414478,4447.320416415885
2024-08-17,14.458250863089065,31.062575613161865,14.47172464543847,0.9245191462516349,36.516899905750364,118.54911860851033,214.87490124243394,117.23876396121024,111183.2649032351,4369.394359222848
2024-08-18,14.519194940274566,30.84427363900372,14.508783329668303,0.6285099973767715,36.100959271298166,123.23104290557598,220.062452407864,115.73297840046392,110972.29430131195,4210.584208324516
2024-08-19,13.168345685533243,32.28439435274497,15.271442024556828,0.49751727017496117,35.82618977623139,115.72999370842211,216.45533615390164,115.65985317912914,113550.76682984241,4136.65834884785
2024-08-20,13.55592308846551,31.305942690264203,15.14370316979136,0.9484773508730107,36.253198055494714,126.59851456496106,217.96285413060482,111.31143270505798,114216.33957590579,4279.73949890672
2024-08-21,13.399315792003053,33.3395056820019,15.215625737863684,0.9154296723684759,37.04207530502682,123.82503070985824,220.0747233536907,105.4692226881144,115609.91387662396,4364.387272333913
2024-08-22,13.808681772032074,30.600462590467014,13.683860434643616,0.7704022857787767,36.490672573938184,132.5396547421505,221.4855713585829,110.97927326234172,110039.81201258795,4391.65569512328
2024-08-23,14.262500528253291,31.776843918351542,14.535039115681448,0.43833154015554443,36.67064694747783,132.59659343243487,221.05278554617948,106.49006979771946,110839.0865546964,4482.690984636618
2024-08-24,12.76877421913819,29.710676684395064,13.444165265412574,0.3658154780087015,37.41441943289549,130.0009494057772,226.36433898230942,117.23628681794618,114359.04903472187,4414.383643394098
2024-08-25,12.493940016295898,30.546717559561376,14.019259098896983,0.17329877120386988,37.324221014613066,131.05086431695483,223.1026117119191,115.53265211797023,112972.83265298857,4447.841230155695
2024-08-26,12.052778267468508,29.287858253544563,14.26231732186423,0.5335785055787013,38.17423036252971,124.34575818395484,212.21350135351196,112.18506468905565,114875.32605635081,4435.978550597158
2024-08-27,12.569862709497448,29.86241350402853,13.045032017197157,0.01458978052401891,38.2236181253449,131.44919848988482,230.25014464450553,110.05247393207421,112408.43113810387,4299.654382942434
2024-08-28,13.57857847260106,30.842232480182624,13.873218269821804,0.07339558005919672,36.868654306097135,130.0108785664087,226.18549601484386,111.30346975700553,109308.44404266975,4411.480632144356
2024-08-29,13.529716490199515,31.81912948009774,14.37028911402647,0.4458125032766998,37.12413864627022,128.23545805202943,223.17718545534075,109.80119900660482,107912.12169154716,4517.448119484705
2024-08-30,14.74725204855908,30.520051292878883,14.870567856560234,0.3018090729407915,36.69139340682275,130.1970150939104,227.07560451616354,114.77952611175259,107570.71315278056,4467.371920194827
2024-08-31,14.53566010706686,30.808906362935183,14.221118669521164,0.01491910224075186,36.34952978295653,123.68461452737127,223.75162499927666,113.75239534439406,113144.59184130577,4487.519459879729
2024-09-01,15.740355784729791,28.760687448087644,14.123108048760711,0.43904228069280715,35.79225338929697,123.72946122276912,239.94007648753222,112.98302752098431,114132.78231681391,4411.180557961283
2024-09-02,16.44233686514273,30.111025529770284,13.46807892983822,0.6000500507823102,36.16374339599228,126.53219924743917,237.92140339709533,119.96989822372808,115835.97234725363,4285.866873625962
2024-09-03,16.418527888357573,30.181448642254274,13.13437852837791,0.4960985491329848,35.65188994563353,127.63937316820638,229.28573201388645,114.64540680210743,113884.8706232878,4370.710309949273
2024-09-04,18.391738940727972,30.370027858886022,12.243054435801357,0.3000496963540273,33.435184594767556,124.12743253232492,233.65148982050852,115.39010522400262,114717.79702471799,4356.007975867653
2024-09-05,19.16960820047602,30.277459486891793,11.699896382480304,0.3818142343773971,35.59875086487768,128.71586146689464,232.4180089140121,111.58939520245974,110195.63773585603,4209.763226081345
2024-09-06,19.66460390495208,31.251599354491436,12.199793299033768,0.5852069717287798,36.18912726621188,124.13933497102235,225.2301551425277,111.7715642261638,108872.31114284224,4248.252999016174
2024-09-07,19.861541003814203,31.770910022029277,12.738725906601163,1.2550110360618862,35.94903838422759,127.03488819537854,231.96742925121933,112.68293855972698,113089.60706750085,4179.848960885254
2024-09-08,19.613429574358108,33.88513940730893,13.069739823043228,1.2071187372628729,36.1544205449699,126.62266371069863,234.93029514590688,108.09592070251436,112312.7479269193,4405.607142525611
2024-09-09,18.295039415033695,32.764515846871085,12.60274536036598,1.0194167810777928,36.0566879209145,122.19708931027816,230.3405970727619,116.45181179821081,112438.86049417367,4301.391009514749
2024-09-10,17.05547700897632,31.76635984873594,13.38315263619735,1.3273993505486756,35.27759841818367,125.3749867502814,227.43674082254051,116.7809963928932,113934.03275173248,4432.6017758213575
2024-09-11,17.953083165245737,31.929293153243574,13.505192148175793,2.285964390378913,35.65921454724771,119.83494033260853,227.83297302137223,116.18533807548184,114392.69493755481,4441.282996503996
2024-09-12,17.85445702423675,30.99652152171217,12.649991960556108,2.343138372725781,36.10581313265143,127.44693410327115,226.29403099275845,114.91225728620844,116055.72936828177,4312.8607694861175
2024-09-13,17.907492796104943,31.73822330633921,12.974440807359292,2.7231452095741795,33.747065608018296,124.56645453114237,226.79881925798583,114.36220640898142,114126.74048661225,4276.77368045642
2024-09-14,19.183374470515258,31.447394061873403,12.664102868756308,2.854842660969935,32.564737165623114,134.1848769435938,219.12947178459368,110.25781816179244,112114.39499497312,4180.965522390782
2024-09-15,20.579190882870908,32.54695374328904,12.586316207475612,2.836280576514401,33.49607293903603,134.53351871661758,221.54341953758,110.59306023872469,112762.09698492606,4241.580262711502
2024-09-16,18.576209435142857,31.648170908938667,13.350857104127586,2.7545361964165074,33.98969133020553,133.6483592834049,216.1909944604286,108.5110533140826,112425.71791810548,4221.168876697341
2024-09-17,17.36324100398207,33.61762950965505,13.3008914411841,3.4102941200494943,31.931246784248028,137.39248382173028,222.552255648258,108.24418176035518,109969.52109629856,4459.088959503217
2024-09-18,17.864758849000214,31.592373555444098,13.31021128943877,4.088782208450575,32.882806197148334,133.76567376690008,205.2780983816568,106.81541054284286,112991.68708273236,4365.428347662473
2024-09-19,17.50792323468,31.412549288380237,12.760051225956945,3.7715969084926875,31.775778646296754,137.6728852286533,221.25376273230634,105.97840310644295,108469.11502069482,4432.482180549726
2024-09-20,17.479354539595846,32.06525646736723,11.76692779602394,3.591582683900205,34.66041945150074,136.87467903626987,222.29906985605606,103.1960779277624,115210.4679807841,4195.668470923317
2024-09-21,18.09389405598984,31.73040176485202,12.861097476332315,3.6486293861735164,34.23660867151475,138.02202815817876,217.54514309124127,105.8877387394139,109203.82550026226,4295.740140338298
2024-09-22,17.984440061395517,33.683805354853334,13.414246680654214,3.3844382046322994,36.20911992200369,138.61766876081262,210.9810007593507,107.98661833180377,113568.09223250349,4491.632254300692
2024-09-23,18.029351661638074,34.75146382333043,13.98833836900276,3.336059842588521,37.36343511594463,137.9741207219586,220.03517451609866,111.19404690869234,109823.32435707704,4513.803112778612
2024-09-24,19.1083812470148,34.186481630026336,13.704620746589637,3.641166945890334,35.803968867492685,135.612330425686,225.32910346616927,102.18871775374534,113299.50513965527,4468.364021769678
2024-09-25,17.353280013367943,32.76277017662722,14.146426828930792,4.560837945928284,36.152749113402365,129.97738740020327,218.47697043901044,103.29079540023372,112811.05374335364,4485.33478213876
2024-09-26,17.698058293967993,31.477465639469976,14.73677229049811,4.501325460310044,36.57610081580625,132.3242241482337,224.8071309524086,97.81372020378568,109072.52964422577,4573.172188723326
2024-09-27,15.76767567263235,32.767930707304814,13.931278876027442,4.6318392217149205,35.34320349373439,133.10607161368642,234.60459533497553,103.21889703302992,113720.42333331547,4390.4278841565065
2024-09-28,15.265262604579783,33.307080150911204,14.42732031252361,5.029960519765876,35.14840697750358,134.30851336818563,228.11762793499398,99.75583458284298,111612.57506256479,4442.1272620552345
2024-09-29,15.462691004064252,31.872834447745465,14.518188031425776,4.803486145132583,34.742182660864046,131.08296016567675,223.72649930856295,105.5027991276006,114360.69327384228,4417.917926615861
2024-09-30,14.963225867003263,30.90687656053593,15.616820420235614,5.310603264244753,32.92304358679584,139.0542909638131,218.6111023280488,100.07495692364623,113266.56723519368,4582.805620789359
2024-10-01,15.072560316880795,29.364403621048798,15.617036215794604,5.800827912476681,34.2465563226511,133.9814539410401,224.39357161585923,99.58422775656834,113825.52628853069,4181.208651082992
2024-10-02,16.45081043448911,27.32329527753143,16.924516107532654,5.694533417247747,33.84651148677528,129.54145657030304,224.75481001541755,101.80054125960389,109294.76787594389,4408.01766698392
2024-10-03,15.762889030069552,30.590854781648243,15.457084580089807,5.642473566278242,34.16868858991293,128.75574053169967,228.91197750741685,99.05054068043212,109140.37398256897,4311.912545984237
2024-10-04,15.0628694727804,29.376459186351177,15.198138746391006,5.2760053629373695,35.672292675645586,129.75568147260574,222.68471488804522,107.57656337186856,109296.1890150966,4381.894028770273
2024-10-05,16.18106270559948,29.989811896585753,15.29879737239285,5.130014752907064,33.97298086947472,129.43438040769303,227.21811399842562,101.95472421362102,112135.98038953867,4274.202661069779
2024-10-06,16.725092517084004,29.431442563738717,15.11139236457855,5.153031296286014,35.33120765850134,134.18886837895099,234.37087053067407,104.65235214595923,112804.45294714326,4336.67388564129
2024-10-07,16.282550925594347,29.205934584980938,15.094149991936987,4.825912036796088,34.938857685974966,134.46290110927188,228.68339683124506,102.37213960220396,107344.58826778416,4435.194213053949
2024-10-08,15.889537315654527,30.267076195279696,14.644697228574223,4.570923190955844,34.65378786944363,128.8499431183022,226.83686123327712,104.3915198770948,111280.21422003949,4601.493462489401
2024-10-09,16.24452380750555,29.510355927780118,14.51231650107836,5.2180022925173954,35.67899460437373,132.79017799707978,224.63468772071798,104.6308607908075,104257.9640563068,4405.5138923225795
2024-10-10,16.97164577253741,31.2184952456289,14.304837604214297,5.611817051230398,35.53316488579142,135.21636317488063,223.66870452342712,101.78706503930614,107744.85702043348,4305.155085382218
